,year,prim_or_gen,county,eligible,registered,dem,rep,ind,lib,np
0,2004,gen,Alameda,955460,742258,410234,132260,12161,15342,157370
1,2004,gen,Alpine,965,827,286,303,27,14,190
2,2004,gen,Amador,25240,20475,7230,9561,596,159,2544
3,2004,gen,Butte,154305,123318,42901,50821,3345,2605,21293
4,2004,gen,Calaveras,33381,27332,9480,12305,731,344,3924
5,2004,gen,Colusa,10994,8053,2960,3781,197,24,1020
6,2004,gen,Contra Costa,666026,504505,243567,153564,9039,4779,85892
7,2004,gen,Del Norte,16932,12860,4809,5015,388,127,2260
8,2004,gen,El Dorado,119947,105687,32886,49411,2722,1191,17607
9,2004,gen,Fresno,497537,352197,140400,164073,5889,1780,37588
10,2004,gen,Glenn,16710,11938,3990,5726,306,43,1748
11,2004,gen,Humboldt,97610,84924,35245,24791,2030,4877,16523
12,2004,gen,Imperial,78693,54780,30334,14872,979,132,7769
13,2004,gen,Inyo,13335,10709,3496,4970,291,109,1664
14,2004,gen,Kern,422433,295106,105639,143620,7251,796,35089
15,2004,gen,Kings,71162,51695,20266,24369,978,127,5245
16,2004,gen,Lake,46504,33427,14717,10934,989,489,5853
17,2004,gen,Lassen,16375,14821,4484,6794,620,71,2634
18,2004,gen,Los Angeles,5656610,3972738,2016280,1071615,67091,27858,706049
19,2004,gen,Madera,74632,49997,17452,24748,1029,249,5970
20,2004,gen,Marin,174327,152658,78208,35794,2690,3726,30444
21,2004,gen,Mariposa,13748,11235,3654,5340,307,156,1485
22,2004,gen,Mendocino,61717,50713,23419,12904,1322,2525,9493
23,2004,gen,Merced,127979,99036,45149,42236,1684,312,9060
24,2004,gen,Modoc,6915,5525,1784,2738,169,27,748
25,2004,gen,Mono,9457,6972,2208,2724,218,147,1574
26,2004,gen,Monterey,228973,156233,75757,49406,2976,1378,25177
27,2004,gen,Napa,88230,69251,31819,22212,1636,1010,11357
28,2004,gen,Nevada,72742,65411,20906,28625,1563,1715,11619
29,2004,gen,Orange,1808058,1495824,452694,724260,29159,8484,258857
30,2004,gen,Placer,211077,183202,53049,94955,3606,1422,28235
31,2004,gen,Plumas,16129,14225,4811,6208,462,137,2452
32,2004,gen,Riverside,1095533,769328,266238,361803,16567,2971,109947
33,2004,gen,Sacramento,876713,650701,279400,229595,14518,6262,110683
34,2004,gen,San Benito,34110,26477,11903,9147,592,188,4299
35,2004,gen,San Bernardino,1135368,727138,281237,310411,17562,3040,103524
36,2004,gen,San Diego,1966240,1513300,524386,605974,34203,11164,310415
37,2004,gen,San Francisco,571538,486822,262982,56288,8388,14697,137719
38,2004,gen,San Joaquin,381812,276939,116729,121497,4437,977,29135
39,2004,gen,San Luis Obispo,185569,162459,57903,68547,3553,2420,26463
40,2004,gen,San Mateo,458990,368410,180702,94418,6726,4098,78367
41,2004,gen,Santa Barbara,268167,213194,86632,75484,4354,3270,39166
42,2004,gen,Santa Clara,1043872,865271,388889,241745,16388,7631,198600
43,2004,gen,Santa Cruz,173715,146157,78289,30612,2446,5213,26481
44,2004,gen,Shasta,127700,94718,29287,46358,2653,561,14733
45,2004,gen,Sierra,2629,2404,761,1016,95,26,437
46,2004,gen,Siskiyou,33102,27287,9867,11355,825,254,4514
47,2004,gen,Solano,266449,195049,94328,56456,4011,1149,36537
48,2004,gen,Sonoma,323999,248998,124537,66272,4938,6840,42242
49,2014,gen,Alameda,1036648,814009,451535,108919,16622,97,172974
50,2014,gen,Alpine,878,764,280,228,30,0,199
51,2014,gen,Amador,26593,20798,6467,9185,909,1,3786
52,2014,gen,Butte,167802,117503,38793,42484,4165,13,27144
53,2014,gen,Calaveras,35473,27068,8180,11344,1274,4,5324
54,2014,gen,Colusa,12296,7595,2542,3341,202,0,1438
55,2014,gen,Contra Costa,718685,527521,258862,126134,14029,36,119435
56,2014,gen,Del Norte,18253,12750,4153,4548,593,1,3009
57,2014,gen,El Dorado,135707,106931,30540,45901,4425,5,22748
58,2014,gen,Fresno,572045,416433,166447,153167,10973,29,76054
59,2014,gen,Glenn,18264,12034,3557,5267,457,0,2566
60,2014,gen,Humboldt,104687,76008,31127,18979,2515,2,19139
61,2014,gen,Imperial,95149,59149,29075,13067,1442,12,14545
62,2014,gen,Inyo,13668,9500,2895,4019,405,1,1943
63,2014,gen,Kern,497934,332228,119864,129562,10932,35,67459
64,2014,gen,Kings,77443,48251,17301,21489,1221,3,7667
65,2014,gen,Lake,49067,33489,13017,8857,1395,2,9102
66,2014,gen,Lassen,17174,12895,3040,6202,686,3,2709
67,2014,gen,Los Angeles,6096320,4897915,2473691,1010254,111365,2651,1168177
68,2014,gen,Madera,85976,52494,17354,22577,1654,3,10074
69,2014,gen,Marin,176922,148976,80796,26237,3299,9,34897
70,2014,gen,Mariposa,15290,10501,3067,4603,477,1,1920
71,2014,gen,Mendocino,64404,47502,21620,10036,1692,2,11437
72,2014,gen,Merced,151262,95452,40451,31322,2989,6,19074
73,2014,gen,Modoc,6934,5195,1269,2573,269,0,996
74,2014,gen,Mono,9635,5812,1908,2012,252,1,1521
75,2014,gen,Monterey,235827,165731,83386,39634,3956,12,36047
76,2014,gen,Napa,91531,70493,32290,18335,2208,5,15706
77,2014,gen,Nevada,76731,61690,20029,22187,2380,2,14661
78,2014,gen,Orange,1963747,1424216,454810,579912,37991,261,325130
79,2014,gen,Placer,259591,200422,55115,92447,4797,17,43108
80,2014,gen,Plumas,15299,11831,3566,5016,606,2,2397
81,2014,gen,Riverside,1394302,891575,316380,352831,27719,89,175839
82,2014,gen,Sacramento,961112,683632,295022,208658,20576,68,143325
83,2014,gen,San Benito,34594,24251,11032,6975,614,3,4904
84,2014,gen,San Bernardino,1273684,851684,325196,294381,30953,111,186472
85,2014,gen,San Diego,2135863,1546924,536300,506078,52982,151,420900
86,2014,gen,San Francisco,625446,433844,241480,36012,7631,27,135329
87,2014,gen,San Joaquin,428595,297425,126070,103124,8016,32,55446
88,2014,gen,San Luis Obispo,202600,150139,49692,59193,4397,7,32085
89,2014,gen,San Mateo,490797,355598,180459,66325,7708,20,95004
90,2014,gen,Santa Barbara,281167,196998,79392,58202,5317,14,48408
91,2014,gen,Santa Clara,1157944,805502,357873,176159,17023,51,241367
92,2014,gen,Santa Cruz,187844,142316,76645,22961,3444,10,33947
93,2014,gen,Shasta,135199,97933,25022,44190,3924,9,22644
94,2014,gen,Sierra,2502,2229,623,902,138,0,453
95,2014,gen,Siskiyou,35187,24840,7738,9917,1135,1,5425
96,2014,gen,Solano,284151,200147,96119,48815,5800,15,45885
97,2014,gen,Sonoma,341804,244448,126011,51577,6268,7,52170
98,2014,gen,Stanislaus,326747,214209,78884,88364,6008,27,36270
99,2014,gen,Sutter,59786,41608,13280,18015,1368,4,7589
100,2014,gen,Tehama,43727,30169,8653,13020,1548,3,6320
101,2014,gen,Trinity,11089,7213,2366,2420,369,0,1704
102,2014,gen,Tulare,256248,137695,43265,63249,4699,27,24544
103,2014,gen,Tuolumne,39669,29274,9202,12276,1246,0,5903
104,2014,gen,Ventura,542109,433064,169789,148095,11384,24,91523
105,2014,gen,Yolo,140889,101032,46983,23390,2869,4,25093
106,2014,gen,Yuba,47855,26918,8180,10455,1331,2,6424
110,2002,prim,Alameda,950261,677667,381647,134428,11127,14905,119021
111,2002,prim,Alpine,940,824,282,314,31,7,172
112,2002,prim,Amador,24137,18941,7411,8530,516,140,1840
113,2002,prim,Butte,150645,114094,41294,48335,3189,2385,16432
114,2002,prim,Calaveras,31517,24245,8949,10824,641,263,2924
115,2002,prim,Colusa,10802,7574,3045,3390,204,17,830
116,2002,prim,Contra Costa,655341,478754,236123,154649,8424,4272,52616
117,2002,prim,Del Norte,16931,11848,4626,4645,382,105,1871
118,2002,prim,El Dorado,115573,90053,30212,42461,2295,870,12471
119,2002,prim,Fresno,472879,321409,132662,145535,6002,1445,32443
120,2002,prim,Glenn,16550,11603,4270,5390,312,36,1456
121,2002,prim,Humboldt,96233,73353,30808,22481,1814,5124,11543
122,2002,prim,Imperial,75389,48335,25375,13191,1065,126,7714
123,2002,prim,Inyo,13197,10240,3466,4922,297,91,1294
124,2002,prim,Kern,397122,248637,91987,119537,6779,625,26498
125,2002,prim,Kings,72351,43746,16972,20443,1060,85,4805
126,2002,prim,Lake,44077,31018,14418,10398,945,427,4247
127,2002,prim,Lassen,18130,14328,4887,6191,597,63,2340
128,2002,prim,Los Angeles,5596320,4140740,2182962,1135194,73745,26968,614260
129,2002,prim,Madera,76968,40801,14305,21204,852,171,3756
130,2002,prim,Marin,180083,138322,69645,36705,2309,3906,23620
131,2002,prim,Mariposa,13331,11053,3737,5208,300,145,1298
132,2002,prim,Mendocino,61997,46002,21341,12660,1186,2554,7119
133,2002,prim,Merced,122116,87721,37992,39285,1635,283,7796
134,2002,prim,Modoc,7029,4959,1794,2370,149,20,559
135,2002,prim,Mono,9891,5764,1812,2480,182,108,1074
136,2002,prim,Monterey,222932,150863,71286,51895,2982,1428,21196
137,2002,prim,Napa,88998,62342,29261,21517,1380,743,8285
138,2002,prim,Nevada,72643,58310,18685,26689,1298,1735,8754
139,2002,prim,Orange,1741267,1286638,411618,631171,24711,6024,189336
140,2002,prim,Placer,191195,148926,46665,75317,3000,1145,20784
141,2002,prim,Plumas,16194,12273,4571,5335,380,86,1722
142,2002,prim,Riverside,995420,617690,224256,294009,13891,2250,72357
143,2002,prim,Sacramento,837611,598272,273472,213130,13351,5450,81802
144,2002,prim,San Benito,33462,26358,12265,9270,656,130,3574
145,2002,prim,San Bernardino,1064865,621144,262714,255113,15494,2237,73235
146,2002,prim,San Diego,1893200,1362861,485788,565281,32587,9816,230295
147,2002,prim,San Francisco,576971,440016,245910,58386,8117,12558,106996
148,2002,prim,San Joaquin,354066,235671,102497,107138,3653,764,18001
149,2002,prim,San Luis Obispo,184684,135476,47984,59745,3188,2234,18529
150,2002,prim,San Mateo,474079,332357,167817,90218,6057,3605,59836
151,2002,prim,Santa Barbara,266671,208551,85063,77247,4415,3774,32194
152,2002,prim,Santa Clara,1049151,733086,338808,221545,13071,6012,141442
153,2002,prim,Santa Cruz,178869,127583,64730,30644,2256,6199,20112
154,2002,prim,Shasta,120913,82886,28174,40153,2391,415,10524
155,2002,prim,Sierra,2670,2299,778,948,83,22,396
156,2002,prim,Siskiyou,32566,24572,9487,10213,733,232,3378
157,2002,prim,Solano,259190,171695,86986,51124,3612,970,26337
158,2002,prim,Sonoma,323631,231595,116975,67077,4426,6559,31820
159,2002,prim,Stanislaus,295606,197856,84282,84504,4421,619,20329
160,2002,prim,Sutter,52118,36919,12930,18390,855,108,3088
161,2002,prim,Tehama,39769,26343,10168,11519,957,90,3074
162,2002,prim,Trinity,9900,7584,2901,3130,249,131,912
163,2002,prim,Tulare,211194,122722,46566,58383,2807,386,13241
164,2002,prim,Tuolumne,36653,30472,12253,13103,809,289,3493
165,2002,prim,Ventura,493118,385140,149700,158988,8907,3339,54981
166,2002,prim,Yolo,119285,76981,37752,22706,1567,1623,11595
167,2002,prim,Yuba,38689,23296,9112,9700,832,137,3202
171,2012,prim,Alameda,999688,752331,423266,114373,14474,5,161811
172,2012,prim,Alpine,878,813,305,247,32,0,209
173,2012,prim,Amador,27411,20739,6694,9473,773,0,3434
174,2012,prim,Butte,166343,114220,38021,43625,3684,0,24892
175,2012,prim,Calaveras,35748,28050,8797,12026,1189,1,5185
176,2012,prim,Colusa,12326,7631,2647,3519,158,0,1250
177,2012,prim,Contra Costa,700607,520098,256226,133557,12735,2,107664
178,2012,prim,Del Norte,18288,11815,4160,4454,508,0,2328
179,2012,prim,El Dorado,134133,104856,30894,46902,3777,1,20515
180,2012,prim,Fresno,556382,390587,156581,153881,9678,0,61896
181,2012,prim,Glenn,18043,12077,3675,5488,463,0,2279
182,2012,prim,Humboldt,104453,76156,31742,20149,2369,1,17796
183,2012,prim,Imperial,92162,55090,27812,13960,1259,0,11284
184,2012,prim,Inyo,13585,9489,2967,4162,376,0,1768
185,2012,prim,Kern,483697,325125,114918,135463,10537,0,60324
186,2012,prim,Kings,77888,47349,16544,21312,1273,0,7567
187,2012,prim,Lake,47459,33553,13739,9410,1340,1,8190
188,2012,prim,Lassen,18422,13719,3438,6638,708,0,2728
189,2012,prim,Los Angeles,5959291,4459268,2259948,1010437,96810,2690,934731
190,2012,prim,Madera,86137,52826,18040,24091,1482,0,8453
191,2012,prim,Marin,176181,146755,79821,28019,2890,0,32534
192,2012,prim,Mariposa,14517,10523,3152,4792,444,0,1810
193,2012,prim,Mendocino,62919,47546,22102,10560,1569,0,10616
194,2012,prim,Merced,146679,92759,41526,32112,2670,0,15108
195,2012,prim,Modoc,7304,5371,1385,2688,255,0,959
196,2012,prim,Mono,9897,5547,1800,2085,200,0,1346
197,2012,prim,Monterey,231244,157041,81767,39338,3470,0,30173
198,2012,prim,Napa,90847,68330,31763,18957,1985,0,13915
199,2012,prim,Nevada,76426,60590,20064,23895,2025,1,12712
200,2012,prim,Orange,1916528,1612145,506389,679877,40822,222,354820
201,2012,prim,Placer,249916,194705,54950,93799,3797,0,38566
202,2012,prim,Plumas,15858,12894,4067,5535,611,0,2459
203,2012,prim,Riverside,1351562,852217,310599,345945,24808,8,154694
204,2012,prim,Sacramento,941160,653391,281679,218699,17843,0,124094
205,2012,prim,San Benito,33439,24899,11866,7479,610,0,4595
206,2012,prim,San Bernardino,1253049,815087,314653,299577,28192,45,160544
207,2012,prim,San Diego,2084578,1465269,516264,514558,45817,24,361994
208,2012,prim,San Francisco,601851,470606,261408,43254,8317,4,144008
209,2012,prim,San Joaquin,417819,271250,111277,107942,6630,0,41501
210,2012,prim,San Luis Obispo,200531,147276,50369,58906,3669,0,29103
211,2012,prim,San Mateo,477460,337757,172469,68941,7029,3,83739
212,2012,prim,Santa Barbara,275629,191061,78845,60959,4671,0,41533
213,2012,prim,Santa Clara,1116131,755117,341731,174146,15191,0,212583
214,2012,prim,Santa Cruz,182516,146980,79164,25922,3281,1,32502
215,2012,prim,Shasta,133615,96366,26182,45377,3391,0,19691
216,2012,prim,Sierra,2560,2247,649,963,122,0,427
217,2012,prim,Siskiyou,34500,25343,8268,10481,1069,0,4949
218,2012,prim,Solano,273871,197604,95461,51195,5429,1,42468
219,2012,prim,Sonoma,338678,248216,127704,55477,5856,2,51476
220,2012,prim,Stanislaus,321774,220521,90641,84597,5738,7,34906
221,2012,prim,Sutter,59158,40255,13128,18278,1234,0,7000
222,2012,prim,Tehama,43209,30476,9329,13503,1507,1,5581
223,2012,prim,Trinity,11348,7948,2704,2758,368,0,1776
224,2012,prim,Tulare,250747,139946,46984,62584,4528,1,24034
225,2012,prim,Tuolumne,39418,31287,10147,13302,1241,2,5955
226,2012,prim,Ventura,532967,406644,157539,150919,9529,7,77994
227,2012,prim,Yolo,137308,96961,45433,24548,2536,0,21587
228,2012,prim,Yuba,46892,28977,9228,11358,1349,0,6552
231,2004,prim,Siskiyou,32652,26564,9734,11091,807,254,4175
232,2004,prim,Solano,266188,171543,83566,52264,3515,1109,28673
233,2004,prim,Sonoma,325316,231038,115454,64664,4357,6831,35651
234,2004,prim,Stanislaus,300535,202259,86479,87369,3653,743,20101
235,2004,prim,Sutter,52513,39205,12956,19819,884,135,3725
236,2004,prim,Tehama,39951,28578,10193,12694,1106,136,3949
237,2004,prim,Trinity,10368,7586,2819,3125,250,125,1054
238,2004,prim,Tulare,216296,131073,46840,64126,2864,519,15433
239,2004,prim,Tuolumne,38334,30999,11782,13632,835,298,3950
240,2004,prim,Ventura,503027,366486,138432,154583,7617,3445,55460
241,2004,prim,Yolo,120705,81960,38428,24322,1637,1815,14185
242,2004,prim,Yuba,39811,26006,9297,11368,921,178,3950
245,2004,prim,Alameda,957699,679145,375185,128795,10745,15233,134409
246,2004,prim,Alpine,909,816,279,300,30,13,180
247,2004,prim,Amador,25334,19136,6952,8912,507,143,2217
248,2004,prim,Butte,153990,113771,39572,47991,3049,2596,18223
249,2004,prim,Calaveras,32888,25715,9021,11601,675,334,3533
250,2004,prim,Colusa,10824,7650,2906,3559,203,24,886
251,2004,prim,Contra Costa,664525,453036,219505,144335,7640,4483,69557
252,2004,prim,Del Norte,16681,12403,4656,4856,380,141,2126
253,2004,prim,El Dorado,119122,94633,30018,45011,2348,1043,14473
254,2004,prim,Fresno,486581,335909,133364,157716,5596,1844,34712
255,2004,prim,Glenn,16332,11492,3914,5530,297,39,1585
256,2004,prim,Humboldt,96550,79693,33417,23857,1810,5091,14033
257,2004,prim,Imperial,74236,50766,26931,14480,961,141,7511
258,2004,prim,Inyo,13277,10082,3304,4805,279,110,1431
259,2004,prim,Kern,410859,266892,95065,131533,6670,728,30198
260,2004,prim,Kings,67911,45734,17744,21791,909,104,4490
261,2004,prim,Lake,45260,29258,13151,9900,853,458,4462
262,2004,prim,Lassen,17125,13905,4435,6206,575,61,2428
263,2004,prim,Los Angeles,5628181,3682950,1880047,1023873,60330,27242,606890
264,2004,prim,Madera,71120,44984,16000,22629,888,227,4740
265,2004,prim,Marin,176059,141834,71764,35577,2412,3846,26400
266,2004,prim,Mariposa,13814,10611,3482,5090,292,148,1309
267,2004,prim,Mendocino,61017,47071,21683,12459,1203,2592,8100
268,2004,prim,Merced,125284,90867,42196,38290,1506,307,7989
269,2004,prim,Modoc,6614,5188,1762,2537,152,24,656
270,2004,prim,Mono,9376,6355,1985,2644,200,140,1298
271,2004,prim,Monterey,227238,149058,70682,49665,2857,1478,22688
272,2004,prim,Napa,87517,64000,29263,21436,1436,941,9729
273,2004,prim,Nevada,72436,60180,19205,27147,1348,1663,9840
274,2004,prim,Orange,1797891,1384086,426223,674421,26741,8065,225748
275,2004,prim,Placer,202410,165429,48377,86608,3123,1306,24111
276,2004,prim,Plumas,15882,13104,4553,5760,412,116,2127
277,2004,prim,Riverside,1065980,663814,228198,322247,13829,2577,86078
278,2004,prim,Sacramento,869737,593544,257266,214608,12681,5816,92752
279,2004,prim,San Benito,33730,26007,11697,8965,588,214,4154
280,2004,prim,San Bernardino,1112590,649501,252314,282657,15251,2721,84949
281,2004,prim,San Diego,1946993,1336353,460762,554113,30076,10878,253004
282,2004,prim,San Francisco,570808,448948,243412,55243,7552,15039,120865
283,2004,prim,San Joaquin,376088,248786,104401,112059,3826,935,23050
284,2004,prim,San Luis Obispo,185306,139830,47801,61191,3239,2476,21674
285,2004,prim,San Mateo,462078,330179,164539,85660,6010,3967,65818
286,2004,prim,Santa Barbara,265860,188432,74603,70233,3680,3411,32278
287,2004,prim,Santa Clara,1045959,783890,354019,225718,14667,7148,170410
288,2004,prim,Santa Cruz,173750,132307,68172,29616,2202,5754,23410
289,2004,prim,Shasta,125725,88273,28104,43191,2494,524,12820
290,2004,prim,Sierra,2652,2246,722,960,87,20,392
291,2014,prim,Alameda,1030130,803728,449524,109824,16346,90,161590
292,2014,prim,Alpine,876,766,284,231,30,0,198
293,2014,prim,Amador,26768,21200,6608,9430,937,2,3773
294,2014,prim,Butte,167394,119081,39621,43030,4146,14,27393
295,2014,prim,Calaveras,35583,27263,8324,11456,1284,4,5267
296,2014,prim,Colusa,12291,7653,2592,3371,198,0,1422
297,2014,prim,Contra Costa,715697,528162,260467,127576,13780,31,117246
298,2014,prim,Del Norte,18378,12398,4204,4530,575,1,2645
299,2014,prim,El Dorado,135580,106944,30732,46204,4316,5,22432
300,2014,prim,Fresno,569314,412181,163221,151983,11003,26,76178
301,2014,prim,Glenn,18235,11978,3581,5278,454,0,2476
302,2014,prim,Humboldt,104663,75411,31168,19127,2459,2,18541
303,2014,prim,Imperial,94854,58197,28989,13131,1377,8,13726
304,2014,prim,Inyo,13678,9509,2921,4064,399,1,1881
305,2014,prim,Kern,496204,334435,114846,132627,11390,33,71082
306,2014,prim,Kings,77977,47420,16596,21027,1264,4,7934
307,2014,prim,Lake,49002,33987,13327,9017,1390,2,9113
308,2014,prim,Lassen,17408,13433,3186,6415,728,3,2842
309,2014,prim,Los Angeles,6076302,4857424,2461286,1011346,109902,2513,831417
310,2014,prim,Madera,85586,52817,17573,22907,1664,3,9844
311,2014,prim,Marin,176609,148762,80848,26537,3274,6,34428
312,2014,prim,Mariposa,15248,10574,3109,4654,477,1,1926
313,2014,prim,Mendocino,64240,47400,21723,10108,1668,1,11182
314,2014,prim,Merced,150629,94779,40635,31661,2924,5,18022
315,2014,prim,Modoc,6991,5454,1356,2686,282,0,1039
316,2014,prim,Mono,9678,5802,1912,2017,245,0,1511
317,2014,prim,Monterey,235319,164032,83204,39988,3854,11,34363
318,2014,prim,Napa,91388,71241,32761,18642,2214,4,15694
319,2014,prim,Nevada,76711,61711,20163,22517,2348,2,14258
320,2014,prim,Orange,1955899,1411232,447818,578655,37760,264,321208
321,2014,prim,Placer,257989,200829,55364,93350,4605,18,42775
322,2014,prim,Plumas,15383,12030,3643,5117,616,2,2424
323,2014,prim,Riverside,1387385,887643,316161,357104,27088,84,169007
324,2014,prim,Sacramento,957597,688443,299257,212065,20386,51,140806
325,2014,prim,San Benito,34480,23778,11098,7079,611,3,4580
326,2014,prim,San Bernardino,1269053,851326,327206,295701,30933,97,182969
327,2014,prim,San Diego,2124563,1544841,538819,510693,52540,136,412751
328,2014,prim,San Francisco,622063,434922,243620,36649,7592,27,133808
329,2014,prim,San Joaquin,426618,293837,125565,103456,7789,22,52445
330,2014,prim,San Luis Obispo,202445,150302,50231,59420,4340,8,31623
331,2014,prim,San Mateo,488370,354994,180773,67001,7642,19,93554
332,2014,prim,Santa Barbara,280119,193900,79134,58484,5157,13,45686
333,2014,prim,Santa Clara,1150600,805922,360089,179619,16826,41,236538
334,2014,prim,Santa Cruz,186842,141105,76625,23261,3347,10,32851
335,2014,prim,Shasta,135021,98772,25467,44652,3899,6,22632
336,2014,prim,Sierra,2508,2209,619,906,137,0,443
337,2014,prim,Siskiyou,35106,24833,7815,9978,1138,1,5276
338,2014,prim,Solano,282938,201728,97378,49466,5784,13,45640
339,2014,prim,Sonoma,341221,241005,124770,51570,6056,5,50929
340,2014,prim,Stanislaus,325894,211330,79311,87256,5816,27,34457
341,2014,prim,Sutter,59670,42218,13559,18347,1397,4,7658
342,2014,prim,Tehama,43659,30492,8875,13186,1550,2,6263
343,2014,prim,Trinity,11087,7062,2340,2399,363,0,1628
344,2014,prim,Tulare,255422,137306,43625,62985,4759,24,24002
345,2014,prim,Tuolumne,39644,29880,9468,12528,1247,0,5988
346,2014,prim,Ventura,540235,427349,163266,149923,11386,19,90650
347,2014,prim,Yolo,140471,101854,47649,23807,2896,3,24851
348,2014,prim,Yuba,47737,27122,8364,10569,1326,3,6350
351,2002,gen,Alameda,955139,662339,369434,130083,10533,15461,121436
352,2002,gen,Alpine,915,828,284,311,33,7,178
353,2002,gen,Amador,24968,19129,7368,8668,496,153,1979
354,2002,gen,Butte,149948,113988,40394,48144,3128,2697,17039
355,2002,gen,Calaveras,32167,24971,9052,11253,638,301,3110
356,2002,gen,Colusa,10578,7512,2959,3435,191,22,828
357,2002,gen,Contra Costa,654002,484640,237561,155308,8530,4718,68965
358,2002,gen,Del Norte,16740,12067,4687,4699,384,122,1964
359,2002,gen,El Dorado,116640,89640,29551,42684,2190,966,12596
360,2002,gen,Fresno,475513,344359,148208,151151,6010,1660,34141
361,2002,gen,Glenn,15959,11346,4083,5378,295,39,1417
362,2002,gen,Humboldt,95608,76514,33246,22677,1796,5396,11918
363,2002,gen,Imperial,75335,51271,27936,14259,967,125,7205
364,2002,gen,Inyo,13078,10387,3465,5000,301,102,1353
365,2002,gen,Kern,399124,259786,98561,124323,6440,681,26870
366,2002,gen,Kings,65706,45872,19016,20851,942,87,4222
367,2002,gen,Lake,44343,31593,14487,10611,937,500,4503
368,2002,gen,Lassen,16112,14584,4858,6363,614,67,2440
369,2002,gen,Los Angeles,5513142,3976189,2080329,1096842,68461,27113,602319
370,2002,gen,Madera,71157,43036,15933,21526,845,193,4036
371,2002,gen,Marin,174971,140393,70310,36734,2356,4212,24747
372,2002,gen,Mariposa,13519,11494,3861,5451,303,160,1346
373,2002,gen,Mendocino,60613,46721,21366,12795,1229,2734,7477
374,2002,gen,Merced,121067,96637,46879,39672,1515,289,7626
375,2002,gen,Modoc,6619,5124,1811,2460,146,21,617
376,2002,gen,Mono,9396,5803,1800,2509,178,119,1099
377,2002,gen,Monterey,222187,154137,74580,51202,2970,1531,21921
378,2002,gen,Napa,85788,63351,29501,21794,1397,820,8719
379,2002,gen,Nevada,72878,60451,19065,27674,1303,1916,9409
380,2002,gen,Orange,1769874,1298892,413897,634672,24463,6729,196296
381,2002,gen,Placer,192665,154130,46954,79800,2898,1203,21339
382,2002,gen,Plumas,16096,12612,4573,5537,387,91,1843
383,2002,gen,Riverside,1017269,649670,231326,315451,13919,2520,75781
384,2002,gen,Sacramento,846066,577156,260016,209073,12076,5364,80536
385,2002,gen,San Benito,33749,26896,12393,9527,663,137,3729
386,2002,gen,San Bernardino,1073711,616402,252961,262063,14524,2363,73221
387,2002,gen,San Diego,1910106,1411808,500376,580102,32971,11077,249022
388,2002,gen,San Francisco,574619,449396,247883,58472,8074,13730,113539
389,2002,gen,San Joaquin,361528,247624,110112,110234,3618,851,19393
390,2002,gen,San Luis Obispo,182892,140659,48852,61866,3269,2527,20338
391,2002,gen,San Mateo,462600,332070,166843,89266,5987,3884,61490
392,2002,gen,Santa Barbara,263898,194672,77967,72982,3854,3785,31138
393,2002,gen,Santa Clara,1041539,731633,335765,218561,13052,6328,146406
394,2002,gen,Santa Cruz,174357,135554,69697,31257,2276,6807,21908
395,2002,gen,Shasta,123050,84914,28203,41432,2402,479,11202
396,2002,gen,Sierra,2597,2296,755,957,86,23,408
397,2002,gen,Siskiyou,32533,25436,9592,10620,754,267,3662
398,2002,gen,Solano,261218,175819,88205,52501,3675,1061,27729
399,2002,gen,Sonoma,324623,232808,116845,66763,4344,7231,33158
400,2002,gen,Stanislaus,290928,212642,96624,88919,3900,616,19291
401,2002,gen,Sutter,51474,36999,12687,18757,816,121,3099
402,2002,gen,Tehama,39249,26810,10097,11896,998,105,3187
403,2002,gen,Trinity,10061,7717,2915,3155,262,140,981
404,2002,gen,Tulare,210525,127022,47416,61114,2809,459,13897
405,2002,gen,Tuolumne,37604,30370,11938,13290,776,310,3568
406,2002,gen,Ventura,494058,391160,151511,162249,8750,3480,56310
407,2002,gen,Yolo,116169,81719,39247,23936,1657,1894,13208
408,2002,gen,Yuba,38004,24421,9165,10586,843,158,3349
412,2004,gen,Stanislaus,303251,217598,90490,93273,4250,839,24716
413,2004,gen,Sutter,53658,42372,13703,21194,966,141,4739
414,2004,gen,Tehama,40448,30310,10422,13671,1154,145,4449
415,2004,gen,Trinity,10358,8074,2923,3224,288,143,1256
416,2004,gen,Tulare,221107,141883,50076,68838,3241,581,17852
417,2004,gen,Tuolumne,38388,33373,12319,14656,930,325,4629
418,2004,gen,Ventura,506350,398652,152825,163742,8293,3401,63384
419,2004,gen,Yolo,120916,94519,43846,26807,1885,1917,18358
420,2004,gen,Yuba,40851,27908,9637,12200,1049,171,4523
423,2012,gen,Alameda,1004357,810836,457259,116240,15657,44,161494
424,2012,gen,Alpine,869,773,291,237,29,0,194
425,2012,gen,Amador,27395,21503,6841,9725,856,0,3670
426,2012,gen,Butte,166679,122554,42154,45439,4108,3,26532
427,2012,gen,Calaveras,35672,29014,8952,12370,1306,3,5477
428,2012,gen,Colusa,12364,7765,2676,3536,172,0,1319
429,2012,gen,Contra Costa,703217,556351,275757,137025,14159,16,120278
430,2012,gen,Del Norte,18250,12516,4356,4682,562,0,2522
431,2012,gen,El Dorado,134289,110634,32332,48770,4177,4,22286
432,2012,gen,Fresno,559268,410188,164663,158267,10685,10,67417
433,2012,gen,Glenn,18059,12542,3829,5656,471,0,2399
434,2012,gen,Humboldt,104544,80038,33400,20497,2578,1,19165
435,2012,gen,Imperial,92947,61086,30860,14753,1419,6,13066
436,2012,gen,Inyo,13583,9956,3085,4331,409,0,1896
437,2012,gen,Kern,485910,332864,118882,137593,10837,10,61441
438,2012,gen,Kings,77937,47655,17068,21812,1193,0,6952
439,2012,gen,Lake,47135,34936,14279,9662,1398,2,8625
440,2012,gen,Lassen,18671,14130,3462,6795,730,0,2906
441,2012,gen,Los Angeles,5976156,4758437,2430612,1037031,105840,2593,878912
442,2012,gen,Madera,86894,53779,18301,24152,1623,0,8907
443,2012,gen,Marin,176604,155025,84374,28458,3268,4,35193
444,2012,gen,Mariposa,14443,10792,3206,4841,464,1,1884
445,2012,gen,Mendocino,62910,49765,23078,10829,1690,1,11350
446,2012,gen,Merced,147138,98890,42447,33068,2965,2,17277
447,2012,gen,Modoc,7301,5359,1388,2690,261,0,939
448,2012,gen,Mono,9917,5983,1964,2181,240,0,1473
449,2012,gen,Monterey,232233,166290,86198,40642,3827,8,33059
450,2012,gen,Napa,91138,72592,33717,19513,2188,3,15343
451,2012,gen,Nevada,76187,62853,20736,23881,2190,1,13669
452,2012,gen,Orange,1925205,1683001,531691,693311,44912,240,380397
453,2012,gen,Placer,251135,208604,58550,98571,4606,6,42746
454,2012,gen,Plumas,15798,13229,4141,5630,649,2,2572
455,2012,gen,Riverside,1358695,943405,343161,385464,27893,46,169293
456,2012,gen,Sacramento,944243,698899,306960,225688,19709,25,134677
457,2012,gen,San Benito,33536,26580,12590,7827,678,1,5086
458,2012,gen,San Bernardino,1259676,851581,330076,307166,30033,56,171366
459,2012,gen,San Diego,2094093,1563093,551931,532585,51442,87,398215
460,2012,gen,San Francisco,603201,500107,278350,43734,8897,18,154811
461,2012,gen,San Joaquin,419824,293004,127712,108207,7301,10,45605
462,2012,gen,San Luis Obispo,201390,158603,53506,62823,4262,3,32391
463,2012,gen,San Mateo,479562,361486,185331,70346,7679,10,91994
464,2012,gen,Santa Barbara,276452,203994,84569,62692,5208,2,46014
465,2012,gen,Santa Clara,1122390,817837,373066,178554,16883,31,236758
466,2012,gen,Santa Cruz,183151,158524,85917,26383,3661,4,36000
467,2012,gen,Shasta,133808,100235,26640,46802,3694,1,21194
468,2012,gen,Sierra,2548,2326,660,986,132,0,446
469,2012,gen,Siskiyou,34444,25868,8387,10602,1124,1,5166
470,2012,gen,Solano,274284,209484,101815,52777,5887,12,45581
471,2012,gen,Sonoma,339309,260315,134234,56567,6491,3,55010
472,2012,gen,Stanislaus,322964,232909,93348,90738,6384,12,37476
473,2012,gen,Sutter,59275,42194,13726,18890,1337,0,7263
474,2012,gen,Tehama,43306,31174,9435,13802,1548,0,5817
475,2012,gen,Trinity,11343,8046,2702,2770,381,0,1840
476,2012,gen,Tulare,252258,145348,49151,63809,4858,12,25599
477,2012,gen,Tuolumne,39259,31769,10249,13482,1273,1,6110
478,2012,gen,Ventura,534607,426948,164592,155312,10691,13,84852
479,2012,gen,Yolo,137680,102186,48257,24617,2805,3,24022
480,2012,gen,Yuba,47074,30115,9508,11797,1409,2,6599
483,2000,gen,Alameda,975078,669918,380412,137117,10802,13077,112323
484,2000,gen,Alpine,961,771,270,310,23,7,143
485,2000,gen,Amador,22950,18856,7565,8402,496,124,1777
486,2000,gen,Butte,150823,113576,42375,48187,3156,1953,16020
487,2000,gen,Calaveras,29891,24791,9363,11062,617,217,2873
488,2000,gen,Colusa,10592,7504,3086,3338,196,13,785
489,2000,gen,Contra Costa,654096,494954,244315,159872,8803,4002,53917
490,2000,gen,Del Norte,16203,12773,5090,4818,457,99,2040
491,2000,gen,El Dorado,112606,94278,32366,43821,2399,927,12775
492,2000,gen,Fresno,473145,329115,141706,141960,6502,1266,33596
493,2000,gen,Glenn,17182,11622,4373,5349,308,29,1435
494,2000,gen,Humboldt,94261,77830,32965,23501,2009,5259,12432
495,2000,gen,Imperial,67416,50030,26365,14507,1133,95,7001
496,2000,gen,Inyo,13403,10285,3582,4939,298,75,1217
497,2000,gen,Kern,404558,271730,101343,129343,7534,635,28720
498,2000,gen,Kings,70177,44912,18444,19722,1119,81,4962
499,2000,gen,Lake,42793,30854,14513,10413,898,377,4055
500,2000,gen,Lassen,14941,13539,4888,5850,564,49,1931
501,2000,gen,Los Angeles,5367115,4075037,2168085,1132380,71567,24014,578522
502,2000,gen,Madera,65284,46495,17674,21853,1120,174,4966
503,2000,gen,Marin,185298,146152,73364,39271,2399,4046,24695
504,2000,gen,Mariposa,12348,10671,3779,4877,283,121,1374
505,2000,gen,Mendocino,60856,49145,22917,13565,1266,2499,7587
506,2000,gen,Merced,111478,83309,42598,29270,1827,225,8484
507,2000,gen,Modoc,7009,5442,2039,2532,171,21,609
508,2000,gen,Mono,7728,6017,1906,2595,199,105,1088
509,2000,gen,Monterey,243613,160342,77567,52574,3281,1523,22369
510,2000,gen,Napa,91966,67277,31615,23177,1453,754,8926
511,2000,gen,Nevada,70889,59725,19411,27124,1331,1643,8892
512,2000,gen,Orange,1786038,1342746,431695,660561,26224,5552,190950
513,2000,gen,Placer,174942,145509,47901,71422,3063,1082,19798
514,2000,gen,Plumas,15360,12789,4853,5546,425,89,1644
515,2000,gen,Riverside,1007246,634126,232668,298522,14575,1940,70260
516,2000,gen,Sacramento,849372,611014,282516,216954,13862,5046,81222
517,2000,gen,San Benito,31009,26534,12510,9284,637,132,3480
518,2000,gen,San Bernardino,1088398,691548,294504,281088,18087,2292,80935
519,2000,gen,San Diego,1975413,1411672,510319,578391,34040,8812,234736
520,2000,gen,San Francisco,533153,486636,273531,66108,8877,13216,115167
521,2000,gen,San Joaquin,345257,233989,108090,100073,3710,675,15175
522,2000,gen,San Luis Obispo,178707,142633,51472,62002,3388,2170,19460
523,2010,gen,Alameda,1006632,765885,435127,120303,14212,9803,169020
524,2010,gen,Alpine,893,733,280,245,28,12,162
525,2010,gen,Amador,26094,21354,7077,9750,734,125,3431
526,2010,gen,Butte,160298,115737,40168,45402,3671,1460,22498
527,2010,gen,Calaveras,34881,28740,9288,12324,1161,289,5103
528,2010,gen,Colusa,12073,7867,2763,3631,146,12,1270
529,2010,gen,Contra Costa,712085,533825,265842,140211,12488,3473,105168
530,2010,gen,Del Norte,18124,12441,4560,4672,509,104,2334
531,2010,gen,El Dorado,129238,107925,32579,48475,3633,912,20415
532,2010,gen,Fresno,548699,391572,160522,160383,9046,1605,44444
533,2010,gen,Glenn,17659,12264,3832,5618,443,46,2199
534,2010,gen,Humboldt,99924,77755,33113,20862,2378,3008,17248
535,2010,gen,Imperial,93890,54957,28404,14654,1186,122,9952
536,2010,gen,Inyo,13019,9406,3036,4167,346,86,1651
537,2010,gen,Kern,484611,311585,110028,137375,9528,785,51053
538,2010,gen,Kings,81007,49116,17757,22278,1267,114,7140
539,2010,gen,Lake,46603,32551,13983,9550,1279,393,6932
540,2010,gen,Lassen,18050,14291,3837,6834,706,56,2702
541,2010,gen,Los Angeles,5823294,4449415,2286987,1049383,91591,23075,916168
542,2010,gen,Madera,84767,54817,19337,24709,1387,223,8553
543,2010,gen,Marin,183477,151876,82944,29337,2847,2196,33148
544,2010,gen,Mariposa,14079,11367,3532,5106,482,120,1897
545,2010,gen,Mendocino,62228,48614,22947,10930,1570,1918,10383
546,2010,gen,Merced,141339,95844,44344,33300,2547,673,14253
547,2010,gen,Modoc,6994,5471,1464,2694,247,19,990
548,2010,gen,Mono,9512,6286,2035,2320,240,64,1557
549,2010,gen,Monterey,238281,160221,85641,40882,3369,1063,28020
550,2010,gen,Napa,92914,69872,32978,19708,1941,742,13618
551,2010,gen,Nevada,74144,61411,20668,24591,1965,1112,12291
552,2010,gen,Orange,1890794,1621934,517750,700330,38818,7529,335284
553,2010,gen,Placer,248397,202876,58609,97840,4153,1301,38652
554,2010,gen,Plumas,15445,13055,4226,5635,569,91,2405
555,2010,gen,Riverside,1304845,857839,311312,359171,23571,2650,147237
556,2010,gen,Sacramento,941477,678923,298258,229226,17722,4167,122218
557,2010,gen,San Benito,34692,25352,12214,7692,612,131,4251
558,2010,gen,San Bernardino,1234760,806163,314517,310070,25699,2889,144232
559,2010,gen,San Diego,2099557,1442161,518080,523060,40554,7231,334514
560,2010,gen,San Francisco,620651,461768,259808,44003,7878,8585,136651
561,2010,gen,San Joaquin,415708,269777,115082,105115,6363,759,39167
562,2010,gen,San Luis Obispo,196365,156504,54715,62425,3645,1511,29928
563,2010,gen,San Mateo,488810,346516,179392,71936,6991,2603,82458
564,2010,gen,Santa Barbara,280517,198457,84094,63792,4705,1644,40395
565,2010,gen,Santa Clara,1139951,779330,357539,186168,15420,4362,208233
566,2010,gen,Santa Cruz,182864,148501,81423,26310,3097,3176,23694
567,2010,gen,Shasta,133134,96463,27435,45580,3173,485,18601
568,2010,gen,Sierra,2479,2298,669,979,115,29,441
569,2010,gen,Siskiyou,33881,25919,8777,10617,1064,190,4915
570,2010,gen,Solano,274565,196133,97140,51318,5039,804,39747
571,2010,gen,Sonoma,339466,248273,129434,56468,5438,4501,49382
572,2010,gen,Stanislaus,324720,229109,99385,84263,5470,728,35171
573,2010,gen,Sutter,62506,40140,13398,18577,1188,121,6381
574,2010,gen,Tehama,43354,31163,9795,13815,1520,138,5448
575,2010,gen,Trinity,10650,7642,2710,2716,333,111,1559
576,2010,gen,Tulare,248522,149667,51697,68080,4199,494,23855
577,2010,gen,Tuolumne,38476,31891,10657,13595,1206,252,5802
578,2010,gen,Ventura,532050,423994,168581,156744,9767,2455,78011
579,2010,gen,Yolo,132225,102160,48882,25175,2477,1142,22614
580,2010,gen,Yuba,46029,28677,9588,11481,1299,146,5850
583,2006,gen,San Francisco,577544,418285,227671,45672,6651,12276,121015
584,2006,gen,San Joaquin,403713,270356,114720,109754,4988,937,35900
585,2006,gen,San Luis Obispo,188646,155495,54540,65055,3550,2133,26881
586,2006,gen,San Mateo,467057,350427,173182,85707,6496,3669,77698
587,2006,gen,Santa Barbara,271983,183890,74270,65329,3727,2389,34666
588,2006,gen,Santa Clara,1073613,749866,336665,201242,13587,5949,183616
589,2006,gen,Santa Cruz,175568,142415,75530,28851,2557,4654,27829
590,2006,gen,Shasta,131343,89409,26924,43972,2442,529,14515
591,2006,gen,Sierra,2622,2219,690,950,77,25,417
592,2006,gen,Siskiyou,33995,24968,8863,10562,766,231,4171
593,2006,gen,Solano,269946,163235,79355,47538,3252,888,30258
594,2006,gen,Sonoma,328374,234891,117856,60402,4711,6265,41939
595,2006,gen,Stanislaus,316963,207162,83332,87509,4466,824,27489
596,2006,gen,Sutter,57580,39071,12604,19345,899,125,4867
597,2006,gen,Tehama,42388,29422,9797,13329,1168,130,4546
598,2006,gen,Trinity,10772,7899,2839,3086,267,138,1349
599,2006,gen,Tulare,234448,134923,46205,64804,3070,557,19089
600,2006,gen,Tuolumne,39694,32251,11697,14103,940,300,4781
601,2006,gen,Ventura,513847,391077,148879,155757,7819,3072,68730
602,2006,gen,Yolo,124485,90695,41870,24966,1832,1631,18666
603,2006,gen,Yuba,44769,26657,9053,11335,999,168,4813
606,2006,prim,Alameda,959650,691207,382114,121154,11258,13516,150780
607,2006,prim,Alpine,932,793,281,286,23,15,180
608,2006,prim,Amador,26029,19961,6964,9305,604,151,2595
609,2006,prim,Butte,156835,115855,39990,47725,3129,2229,20560
610,2006,prim,Calaveras,34991,26894,9184,12065,752,316,4064
611,2006,prim,Colusa,11698,8106,2904,3787,190,23,1122
612,2006,prim,Contra Costa,679565,489263,236135,145135,9211,4313,87285
613,2006,prim,Del Norte,17494,12192,4467,4799,367,116,2193
614,2006,prim,Fresno,513980,325611,129322,146976,5546,1622,37321
615,2006,prim,El Dorado,125160,99171,30562,46407,2524,1036,16996
616,2006,prim,Glenn,17155,11853,3890,5607,312,46,1884
617,2006,prim,Humboldt,98938,79036,32625,23018,1877,4293,15904
618,2006,prim,Imperial,83428,53764,29827,14255,973,117,7878
619,2006,prim,Inyo,13295,10731,3459,4892,292,111,1801
620,2006,prim,Kern,448693,286967,100354,139016,7304,776,36912
621,2006,prim,Kings,73144,44226,16849,20861,872,111,4977
622,2006,prim,Lake,46717,32005,13929,10279,965,442,5965
623,2006,prim,Lassen,16663,14171,4169,6580,597,64,2568
624,2006,prim,Los Angeles,5691552,3839483,1929931,1023730,64142,25400,722496
625,2006,prim,Madera,78839,36497,12551,18439,656,172,4339
626,2006,prim,Marin,177567,147529,76003,33745,2673,3579,29842
627,2006,prim,Mariposa,14144,11328,3653,5312,322,158,1617
628,2006,prim,Mendocino,62153,47943,22094,12025,1245,2357,9259
629,2006,prim,Merced,134871,91648,41136,38413,1692,306,9509
630,2006,prim,Modoc,6992,5707,1745,2791,178,29,908
631,2006,prim,Mono,9477,6488,2038,2527,191,114,1535
632,2006,prim,Monterey,228616,152590,73133,47476,2966,1422,26092
633,2006,prim,Napa,89691,66507,30612,21009,1577,923,10796
634,2006,prim,Nevada,75296,63575,20367,27510,1606,1632,11541
635,2006,prim,Orange,1825116,1476210,441239,712188,29065,7940,264528
636,2006,prim,Placer,225696,175433,50285,90996,3424,1268,27616
637,2006,prim,Plumas,16328,13430,4462,5850,470,121,2370
638,2006,prim,Riverside,1190171,745818,257473,342810,16694,2741,115063
639,2006,prim,Sacramento,901196,620191,264930,215155,14142,5738,110636
640,2006,prim,San Benito,34109,25023,11289,8478,582,160,4218
641,2006,prim,San Bernardino,1186697,748385,283484,316627,18566,3006,115726
642,2006,prim,San Diego,1984298,1356018,466175,538100,30822,9460,289139
643,2006,prim,San Francisco,575791,421094,228662,47062,6850,12662,120730
645,2000,prim,Ventura,481341,367096,141704,154161,6850,12662,120730
646,2000,prim,Yolo,110681,75200,38372,22227,6850,12662,120730
647,2000,prim,Yuba,39262,23213,9513,9443,6850,12662,120730
651,2016,prim,Alameda,1065162,833803,480475,106675,15842,6438,211690
652,2016,prim,Alpine,950,717,273,222,29,8,176
653,2016,prim,Amador,28117,21266,6625,9735,880,113,3580
654,2016,prim,Butte,168838,124771,43269,44541,4186,920,28668
655,2016,prim,Calaveras,36122,27532,8308,11889,1217,167,5273
656,2016,prim,Colusa,12479,8019,2681,3459,200,19,1596
657,2016,prim,Contra Costa,740367,556570,281016,127968,13949,2418,125788
658,2016,prim,Del Norte,18073,13585,4454,4921,624,86,3156
659,2016,prim,El Dorado,136827,109479,32659,47243,4167,597,22392
660,2016,prim,Fresno,580678,414976,163039,153585,10855,1183,78512
661,2016,prim,Glenn,18440,12195,3559,5382,474,34,2588
662,2016,prim,Humboldt,105117,79037,35938,19064,2496,1858,18435
663,2016,prim,Imperial,97235,63185,31299,13016,1482,129,16296
664,2016,prim,Inyo,13760,9697,3050,4075,402,51,1951
665,2016,prim,Kern,505400,340603,122260,132638,11138,673,70172
666,2016,prim,Kings,79835,48504,16834,21737,1204,80,8117
667,2016,prim,Lake,48604,32796,13001,8979,1290,310,8669
668,2016,prim,Lassen,16785,13434,2997,6681,707,38,2789
669,2016,prim,Los Angeles,6199606,4909904,2542149,962807,104668,18635,1182231
670,2016,prim,Madera,87117,54017,17897,22673,1638,143,10967
671,2016,prim,Marin,181022,151874,85576,26459,3063,1299,33936
672,2016,prim,Mariposa,14962,10519,3137,4711,440,77,1857
673,2016,prim,Mendocino,63670,48935,23833,10200,1627,1162,11267
674,2016,prim,Merced,154443,92296,41476,28635,2713,320,18269
675,2016,prim,Modoc,7386,5076,1210,2575,244,20,966
676,2016,prim,Mono,9424,5883,2063,1974,243,36,1493
677,2016,prim,Monterey,241516,174674,88026,40883,4073,907,39063
678,2016,prim,Napa,93331,72461,34291,18334,2118,591,16011
679,2016,prim,Nevada,77440,66149,24474,23286,2312,870,14213
680,2016,prim,Orange,2000797,1395380,467491,557789,34176,3896,314120
681,2016,prim,Placer,262922,210913,60319,96377,5157,768,44234
682,2016,prim,Plumas,16056,11839,3663,5219,585,53,2164
683,2016,prim,Riverside,1429960,909922,336878,346095,27466,2030,182722
684,2016,prim,Sacramento,984952,715975,316992,209619,21071,3111,153517
685,2016,prim,San Benito,33943,25645,12153,7525,721,106,4895
686,2016,prim,San Bernardino,1304484,784130,303592,264149,27532,2172,175392
687,2016,prim,San Diego,2183908,1523251,561984,491843,48812,5452,395015
688,2016,prim,San Francisco,644082,462927,267876,37097,7724,4565,140674
689,2016,prim,San Joaquin,440325,309865,133259,103494,7463,759,61094
690,2016,prim,San Luis Obispo,207330,155801,54851,60772,4432,914,31543
691,2016,prim,San Mateo,501875,367155,191126,66364,7536,1837,96830
692,2016,prim,Santa Barbara,289082,201865,86180,58577,5076,988,47770
693,2016,prim,Santa Clara,1186947,788063,370161,166599,15712,2932,224983
694,2016,prim,Santa Cruz,189639,145809,83514,23471,3030,1539,31930
695,2016,prim,Shasta,134243,96310,24635,45619,3762,333,20420
696,2016,prim,Sierra,2613,2217,653,922,127,18,423
697,2016,prim,Siskiyou,34648,26480,8347,10340,1187,178,5990
698,2016,prim,Solano,288220,209339,101734,50815,5980,675,47317
699,2016,prim,Sonoma,349571,253860,137093,52200,5886,2689,52622
700,2016,prim,Stanislaus,335349,219464,83168,87093,6344,499,37960
701,2016,prim,Sutter,60702,42351,13556,18108,1401,106,7937
702,2016,prim,Tehama,43656,30724,8566,13682,1512,105,6388
703,2016,prim,Trinity,11321,7701,2629,2540,393,96,1823
704,2016,prim,Tulare,259884,142426,45495,62936,4557,357,27606
705,2016,prim,Tuolumne,41143,29472,9439,12743,1185,158,5552
706,2016,prim,Ventura,548937,413045,169689,138605,9848,1565,84543
707,2016,prim,Yolo,146291,100163,49234,22382,2656,669,23704
708,2016,prim,Yuba,48203,31004,8984,11449,1561,116,8359
711,2018,prim,Alameda,1085364,854217,486611,99401,16647,6845,230100
712,2018,prim,Alpine,939,735,292,211,28,6,188
713,2018,prim,Amador,27103,21875,6435,9863,923,111,4142
714,2018,prim,Butte,171386,116743,41319,41332,4087,946,25963
715,2018,prim,Calaveras,36104,28449,8050,12007,1301,190,6119
716,2018,prim,Colusa,12540,8433,2736,3384,257,22,1938
717,2018,prim,Contra Costa,756827,602219,300148,125114,15901,2985,150753
718,2018,prim,Del Norte,17889,14141,4381,5065,666,115,3532
719,2018,prim,El Dorado,140569,115431,33756,47973,4657,673,25565
720,2018,prim,Fresno,594711,440617,170384,151483,12293,1421,96162
721,2018,prim,Glenn,18497,12299,3559,5303,470,34,2756
722,2018,prim,Humboldt,105676,75978,33946,17932,2466,1850,18349
723,2018,prim,Imperial,100364,68147,33362,12855,1560,160,18818
724,2018,prim,Inyo,13695,9683,2971,3976,411,54,2102
725,2018,prim,Kern,516274,364280,126855,132666,12488,960,85501
726,2018,prim,Kings,79873,51546,17134,21760,1391,100,10300
727,2018,prim,Lake,49352,32805,12570,8860,1334,372,9063
728,2018,prim,Lassen,16695,14156,2957,6985,760,53,3123
729,2018,prim,Los Angeles,6216686,5149461,2635249,916313,111174,22323,1345693
730,2018,prim,Madera,89532,54848,17588,21974,1747,170,12382
731,2018,prim,Marin,182555,155591,87133,24430,3416,1357,37425
732,2018,prim,Mariposa,14937,10584,3020,4631,438,90,2116
733,2018,prim,Mendocino,64340,47487,22993,9641,1608,1065,11013
734,2018,prim,Merced,159750,91970,40337,26577,2931,323,20805
735,2018,prim,Modoc,7374,5134,1132,2574,259,22,1067
736,2018,prim,Mono,9522,6169,2174,1959,250,44,1655
737,2018,prim,Monterey,244592,180266,90763,38819,4339,932,43030
738,2018,prim,Napa,92519,76211,35180,17652,2360,602,19045
739,2018,prim,Nevada,78420,68126,24762,23153,2463,803,3785
740,2018,prim,Orange,2022355,1482036,501739,541278,38555,4814,375595
741,2018,prim,Placer,274752,223963,63981,97046,6516,886,50134
742,2018,prim,Plumas,15945,12152,3561,5238,610,59,2502
743,2018,prim,Riverside,1472819,984214,373367,337550,31205,2818,220698
744,2018,prim,Sacramento,1009125,741260,321745,199456,22905,3590,179606
745,2018,prim,San Benito,34191,28718,13385,7737,809,114,6339
746,2018,prim,San Bernardino,1325471,901081,357619,277189,31302,2939,214051
747,2018,prim,San Diego,2216211,1683430,614304,489498,56164,6981,486486
748,2018,prim,San Francisco,657193,481977,277993,33903,8486,4182,151006
749,2018,prim,San Joaquin,455449,334771,143764,101524,8871,1022,74285
750,2018,prim,San Luis Obispo,208847,166592,58107,60651,5220,1079,37532
751,2018,prim,San Mateo,506481,388456,198714,62868,8211,1986,112039
752,2018,prim,Santa Barbara,293209,206110,88371,56048,5402,1126,51193
753,2018,prim,Santa Clara,1203427,846228,393887,154860,17557,3442,267122
754,2018,prim,Santa Cruz,189708,152497,85242,22473,3330,1729,36926
755,2018,prim,Shasta,134076,99731,23965,46892,4102,400,22658
756,2018,prim,Sierra,2619,2155,599,881,125,18,460
757,2018,prim,Siskiyou,34520,27311,8378,10483,1286,212,6376
758,2018,prim,Solano,293295,220857,103562,49814,6382,871,56064
759,2018,prim,Sonoma,349475,270740,142706,51226,6729,3123,62485
760,2018,prim,Stanislaus,344968,236613,90733,86072,7028,671,46720
761,2018,prim,Sutter,60563,44625,13714,18034,1480,115,9987
762,2018,prim,Tehama,43835,32523,8504,14203,1571,101,7578
763,2018,prim,Trinity,11299,7735,2491,2541,376,100,1138
764,2018,prim,Tulare,265068,161740,51524,66518,5189,460,35745
765,2018,prim,Tuolumne,41140,30932,9335,13034,1241,178,6697
766,2018,prim,Ventura,549893,433496,176679,133969,10267,1791,100736
767,2018,prim,Yolo,150863,111128,53455,22429,3128,817,29057
768,2018,prim,Yuba,48356,32745,9047,11991,1653,152,9112
771,2008,prim,Alameda,975263,704320,390950,117845,11714,11628,160892
772,2008,prim,Alpine,944,787,284,283,27,14,171
773,2008,prim,Amador,26490,20627,7228,9561,664,139,2765
774,2008,prim,Butte,158118,119131,41522,47562,3480,2027,22249
775,2008,prim,Calaveras,35113,27006,9181,11871,856,308,4303
776,2008,prim,Colusa,11924,7852,2776,3625,197,25,1164
777,2008,prim,Contra Costa,691629,475821,231047,136831,9380,3770,88277
778,2008,prim,Del Norte,17516,12233,4576,4739,402,117,2161
779,2008,prim,El Dorado,126891,100551,31044,46316,2745,962,17877
780,2008,prim,Fresno,528743,352661,139805,154326,6538,1636,44744
781,2008,prim,Glenn,17413,11640,3775,5461,351,45,1899
782,2008,prim,Humboldt,98869,75175,31708,21660,1837,3404,15447
783,2008,prim,Imperial,88167,52367,28542,13557,988,112,8446
784,2008,prim,Inyo,13123,9944,3240,4511,293,95,1655
785,2008,prim,Kern,466919,282829,100728,131878,7658,706,39426
786,2008,prim,Kings,76608,46101,16984,21919,937,107,5598
787,2008,prim,Lake,46478,32744,14116,10233,1050,399,6529
788,2008,prim,Lassen,18098,13441,3921,6332,601,55,2372
789,2008,prim,Los Angeles,5712484,3963780,1986965,1026123,69063,24336,784296
790,2008,prim,Madera,82178,50521,17297,24184,1139,214,7137
791,2008,prim,Marin,180129,143628,76163,30992,2577,2890,29556
792,2008,prim,Mariposa,14297,11198,3550,5171,375,128,1767
793,2008,prim,Mendocino,61724,46268,21691,11331,1243,2041,9078
794,2008,prim,Merced,138081,89456,40407,35161,1810,267,11212
795,2008,prim,Modoc,6954,5237,1534,2621,182,25,831
796,2008,prim,Mono,9802,6610,2074,2509,199,110,1622
797,2008,prim,Monterey,230872,143194,69502,42538,2879,1190,25758
798,2008,prim,Napa,90558,65989,30731,20139,1618,818,11713
799,2008,prim,Nevada,74926,59379,19691,25154,1612,1271,10859
800,2008,prim,Orange,1840292,1537201,468599,715704,32031,8065,291025
801,2008,prim,Placer,235563,182724,52952,91990,3920,1319,30714
802,2008,prim,Plumas,15846,12894,4336,5615,452,97,2252
803,2008,prim,Riverside,1269305,729471,254982,322037,18099,2540,121273
804,2008,prim,Sacramento,922309,611954,264417,204997,14635,4963,114747
805,2008,prim,San Benito,34076,23812,10728,7838,566,141,4270
806,2008,prim,San Bernardino,1214392,723661,273804,297327,19239,2821,120661
807,2008,prim,San Diego,2026537,1313725,457215,506496,32036,8065,290497
808,2008,prim,San Francisco,592185,415761,228691,43534,6647,10716,121512
809,2008,prim,San Joaquin,407636,245781,104540,98088,4873,802,34225
810,2008,prim,San Luis Obispo,191262,146898,52154,61523,3578,1657,25077
811,2008,prim,San Mateo,474415,357075,178458,83613,6744,3388,81182
812,2008,prim,Santa Barbara,274254,183099,75681,63401,3909,1978,34781
813,2008,prim,Santa Clara,1101684,689052,313582,181156,12134,4701,170245
814,2008,prim,Santa Cruz,177484,136415,73233,27167,2470,3851,27046
815,2008,prim,Shasta,130602,90029,26982,43739,2667,489,15088
816,2008,prim,Sierra,2537,2236,703,958,83,26,408
817,2008,prim,Siskiyou,33574,25588,9031,10715,861,217,4396
818,2008,prim,Solano,270071,168577,82432,47331,3680,840,32349
819,2008,prim,Sonoma,330131,230488,117638,57921,4678,5354,41610
820,2008,prim,Stanislaus,320253,209212,84174,85864,4919,844,29739
821,2008,prim,Sutter,59965,39075,12735,19000,935,120,5856
822,2008,prim,Tehama,42585,28875,9610,13019,1210,127,4475
823,2008,prim,Trinity,10713,8028,2900,3072,294,122,1430
824,2008,prim,Tulare,238667,135949,46727,64070,3232,502,20239
825,2008,prim,Tuolumne,38290,31671,11348,13793,963,270,4896
826,2008,prim,Ventura,518761,384273,148441,148914,7984,2698,69450
827,2008,prim,Yolo,129204,90706,42704,24585,1910,1325,18566
828,2008,prim,Yuba,45155,28033,9577,11525,1097,165,5351
831,1998,prim,Alameda,947283,680890,397446,147878,10643,9573,96888
832,1998,prim,Alpine,976,832,299,340,22,4,149
833,1998,prim,Amador,22294,17891,7648,7763,433,81,1589
834,1998,prim,Butte,146804,118696,47107,50476,3128,1014,14843
835,1998,prim,Calaveras,29929,23347,9271,10490,537,159,2301
836,1998,prim,Colusa,10617,7037,3025,3129,166,10,607
837,1998,prim,Contra Costa,633848,492730,243205,166848,8767,3277,48737
838,1998,prim,Del Norte,16907,13260,5565,4911,462,82,1919
839,1998,prim,El Dorado,109127,84115,30538,39775,1903,592,9557
840,1998,prim,Fresno,457397,310409,144919,126858,5853,956,27470
841,1998,prim,Glenn,17212,11227,4418,5165,273,21,1208
842,1998,prim,Humboldt,94050,77021,35523,24049,1790,3735,10310
843,1998,prim,Imperial,65974,44793,23893,13677,884,48,5642
844,1998,prim,Inyo,13523,9757,3547,4801,245,46,980
845,1998,prim,Kern,389416,272215,110362,124464,7199,562,25709
846,1998,prim,Kings,58608,41723,18226,17736,1039,50,4245
847,1998,prim,Lake,42168,29355,14369,10171,775,218,3248
848,1998,prim,Lassen,16290,14259,5644,5986,536,36,1662
849,1998,prim,Los Angeles,5192309,3772592,2035585,1106879,61980,14623,456045
850,1998,prim,Madera,64289,46174,19190,20831,1050,136,4282
851,1998,prim,Marin,181850,140774,72112,40574,2062,2626,20862
852,1998,prim,Mariposa,12179,10428,4008,4683,247,95,1176
853,1998,prim,Mendocino,60207,46961,23267,13618,1087,1463,6350
854,1998,prim,Merced,106902,78068,42667,24897,1764,133,7743
855,1998,prim,Modoc,7404,5958,2347,2692,180,11,648
856,1998,prim,Mono,7393,5686,1840,2576,169,66,925
857,1998,prim,Monterey,235928,145008,72530,48340,2938,966,17605
858,1998,prim,Napa,87758,62616,29703,22774,1278,480,7194
859,1998,prim,Nevada,68752,58580,19863,26834,1188,1321,7868
860,1998,prim,Orange,1714046,1178699,376652,604156,21723,3942,144874
861,1998,prim,Placer,160434,132191,46268,64271,2671,763,15747
862,1998,prim,Plumas,15633,12324,5056,5150,386,61,1479
863,1998,prim,Riverside,937840,562742,223950,255280,12061,1246,54817
864,1998,prim,Sacramento,797468,580036,275598,213530,11957,3124,64355
865,1998,prim,San Benito,28963,22606,10579,8341,530,94,2689
866,1998,prim,San Bernardino,1039123,625384,268494,259946,15544,1614,65058
867,1998,prim,San Diego,1885927,1273975,468567,535692,27876,6372,183196
868,1998,prim,San Francisco,516496,430794,256355,64562,6977,9265,84658
869,1998,prim,San Joaquin,328101,219114,103065,90364,3870,613,15160
870,1998,prim,San Luis Obispo,171805,129805,50282,57641,2667,1250,14137
871,1998,prim,San Mateo,480365,336746,174279,99180,5734,2418,49473
872,1998,prim,Santa Barbara,272853,217259,93884,82505,4381,2299,28676
873,1998,prim,Santa Clara,1082531,703823,331919,232552,12475,4427,108290
874,1998,prim,Santa Cruz,168810,130185,69505,32794,2002,4221,17807
875,1998,prim,Shasta,119255,81600,30406,38342,2251,220,9037
876,1998,prim,Sierra,2601,2199,858,954,48,20,254
877,1998,prim,Siskiyou,32373,24461,10643,9833,726,132,2719
878,1998,prim,Solano,252696,173892,90685,52679,3555,608,23465
879,1998,prim,Sonoma,316184,242981,126857,73605,4314,3375,28506
880,1998,prim,Stanislaus,272840,189960,92621,69825,4474,490,18457
881,1998,prim,Sutter,49573,36720,13354,18135,874,76,2913
882,1998,prim,Tehama,38417,25937,10997,11028,844,31,2508
883,1998,prim,Trinity,9892,8344,3596,3221,248,86,888
884,1998,prim,Tulare,208260,118069,49157,52400,2871,263,11774
885,1998,prim,Tuolumne,33824,29833,12812,12629,709,170,2843
886,1998,prim,Ventura,472022,391973,155237,164725,8822,2794,50047
887,1998,prim,Yolo,107099,76865,40520,23000,1386,935,9565
888,1998,prim,Yuba,40585,24758,10217,10131,820,87,3130
891,2018,gen,Alameda,1089154,881491,490683,97377,16413,6701,257081
892,2018,gen,Alpine,939,758,312,205,25,5,200
893,2018,gen,Amador,27117,22305,6423,9812,942,102,4613
894,2018,gen,Butte,171771,122741,42843,41955,4241,936,29482
895,2018,gen,Calaveras,36101,29591,8099,12264,1345,188,6833
896,2018,gen,Colusa,12552,8792,2743,3464,254,20,2213
897,2018,gen,Contra Costa,759693,621309,303591,123425,16057,2944,167344
898,2018,gen,Del Norte,18039,14150,4314,5037,628,106,3715
899,2018,gen,El Dorado,141268,121192,34837,48765,4825,676,29077
900,2018,gen,Fresno,597497,456891,172955,151844,12678,1458,108932
901,2018,gen,Glenn,18520,12730,3572,5386,485,35,3060
902,2018,gen,Humboldt,105521,78518,34431,17879,2498,1855,20246
903,2018,gen,Imperial,101197,69728,33144,12821,1552,164,20522
904,2018,gen,Inyo,13689,10036,3040,3993,418,54,2356
905,2018,gen,Kern,518711,375881,126062,132595,12447,979,97163
906,2018,gen,Kings,80450,52631,17034,21463,1381,111,11670
907,2018,gen,Lake,49469,32653,12354,8709,1297,325,9394
908,2018,gen,Lassen,16571,14332,2863,6958,763,48,3417
909,2018,gen,Los Angeles,6230147,5280658,2644567,899923,111257,22010,1481287
910,2018,gen,Madera,89818,57418,18129,22114,1786,161,14167
911,2018,gen,Marin,181925,160944,89425,23848,3567,1315,40779
912,2018,gen,Mariposa,14933,10853,3051,4617,417,85,2385
913,2018,gen,Mendocino,64399,49411,23342,9767,1652,1058,12321
914,2018,gen,Merced,160905,97584,42215,26729,2971,322,24249
915,2018,gen,Modoc,7392,5118,1105,2521,255,21,1137
916,2018,gen,Mono,9542,6597,2280,2011,257,53,1890
917,2018,gen,Monterey,244901,187350,92224,38480,4438,957,48581
918,2018,gen,Napa,92369,78135,35557,17265,2341,566,20959
919,2018,gen,Nevada,78603,68954,24938,22758,2443,792,6609
920,2018,gen,Orange,2028366,1560111,523624,541665,39268,4816,429675
921,2018,gen,Placer,276613,234732,66303,97895,7038,909,56817
922,2018,gen,Plumas,15930,12480,3512,5280,599,54,2854
923,2018,gen,Riverside,1481361,1035957,385153,340917,31880,2840,255389
924,2018,gen,Sacramento,1013368,765965,325031,197510,23141,3527,201628
925,2018,gen,San Benito,34253,30064,13647,7787,801,111,7349
926,2018,gen,San Bernardino,1330247,937316,365411,275884,31372,2989,242534
927,2018,gen,San Diego,2224081,1741707,626707,482400,56167,6999,536646
928,2018,gen,San Francisco,660296,500051,284218,33177,8040,4075,163256
929,2018,gen,San Joaquin,458818,344891,143533,100460,9143,1035,84829
930,2018,gen,San Luis Obispo,209049,172544,59530,60117,5288,1065,42294
931,2018,gen,San Mateo,507576,399351,200913,60784,8121,1927,122542
932,2018,gen,Santa Barbara,294186,217417,92086,55810,5513,1120,58575
933,2018,gen,Santa Clara,1208495,885764,403587,152914,17652,3418,298259
934,2018,gen,Santa Cruz,189838,159499,87066,22353,3442,1743,41955
935,2018,gen,Shasta,134126,101782,23649,46825,4135,389,25067
936,2018,gen,Sierra,2622,2190,605,872,123,20,495
937,2018,gen,Siskiyou,34508,27566,8274,10437,1283,215,6729
938,2018,gen,Solano,294055,231510,105652,50074,6558,870,63439
939,2018,gen,Sonoma,349097,274292,142401,49768,6693,2949,67600
940,2018,gen,Stanislaus,346439,248466,92643,86627,7231,688,55277
941,2018,gen,Sutter,60635,46087,13731,17989,1488,107,11389
942,2018,gen,Tehama,43847,33286,8400,14210,1601,100,8410
943,2018,gen,Trinity,11301,7656,2401,2480,367,93,1367
944,2018,gen,Tulare,266322,169367,52674,66371,5296,472,41887
945,2018,gen,Tuolumne,41054,31999,9396,13190,1237,177,7510
946,2018,gen,Ventura,550773,448174,178374,132841,10524,1804,112869
947,2018,gen,Yolo,151613,113642,53719,22219,3102,810,31453
948,2018,gen,Yuba,48389,33754,9054,12213,1628,148,9831
951,1998,gen,Alameda,956701,714134,415208,151664,11411,10523,106050
952,1998,gen,Alpine,979,805,281,331,22,4,152
953,1998,gen,Amador,22455,18369,7777,7969,454,87,1686
954,1998,gen,Butte,147426,121326,48020,51026,3270,1132,15665
955,1998,gen,Calaveras,30271,23647,9348,10560,537,161,2435
956,1998,gen,Colusa,10701,7289,3088,3248,176,11,658
957,1998,gen,Contra Costa,639231,485910,239596,163460,8666,3261,49178
958,1998,gen,Del Norte,17175,12585,5236,4721,428,84,1830
959,1998,gen,El Dorado,109958,87070,31291,40947,2013,621,10366
960,1998,gen,Fresno,459643,316607,148172,128616,5959,959,28626
961,1998,gen,Glenn,17266,11394,4448,5225,284,23,1263
962,1998,gen,Humboldt,94364,76990,34818,23766,1816,4067,10863
963,1998,gen,Imperial,66302,44798,23889,13490,890,56,5812
964,1998,gen,Inyo,13539,9964,3595,4872,261,52,1039
965,1998,gen,Kern,392184,279707,113238,127104,7462,583,27283
966,1998,gen,Kings,59126,42986,18528,18512,1060,54,4387
967,1998,gen,Lake,42233,30110,14665,10307,832,277,3446
968,1998,gen,Lassen,16667,14252,5585,5971,541,36,1710
969,1998,gen,Los Angeles,5221673,3854817,2079923,1118723,64088,15358,479375
970,1998,gen,Madera,65120,46839,19214,21169,1088,139,4533
971,1998,gen,Marin,183071,142573,72785,40553,2129,2723,21862
972,1998,gen,Mariposa,12179,10812,4115,4847,266,103,1249
973,1998,gen,Mendocino,60558,46724,22911,13508,1115,1516,6476
974,1998,gen,Merced,107704,82889,46315,26024,1776,145,7765
975,1998,gen,Modoc,7450,5885,2295,2654,187,14,653
976,1998,gen,Mono,7393,5760,1865,2593,171,70,946
977,1998,gen,Monterey,240617,145886,72273,48470,3015,1014,18466
978,1998,gen,Napa,88422,64188,30729,22963,1318,525,7435
979,1998,gen,Nevada,69174,56732,19111,26117,1121,1297,7656
980,1998,gen,Orange,1728682,1173732,376694,597000,21596,3993,148083
981,1998,gen,Placer,162400,136236,47171,66112,2772,807,16902
982,1998,gen,Plumas,15697,12573,5100,5263,413,68,1516
983,1998,gen,Riverside,946273,597078,232205,275033,13021,1388,59304
984,1998,gen,Sacramento,801791,600499,287484,217800,12463,3238,68126
985,1998,gen,San Benito,29512,23360,10916,8481,555,100,2907
986,1998,gen,San Bernardino,1045811,664022,287647,273418,16467,1773,69419
987,1998,gen,San Diego,1905367,1324482,482776,558048,29626,6751,196205
988,1998,gen,San Francisco,519062,448888,264302,65868,7428,9897,92189
989,1998,gen,San Joaquin,330421,228093,107808,93802,4005,617,15586
990,1998,gen,San Luis Obispo,173074,133809,51284,58945,2813,1381,15439
991,1998,gen,San Mateo,484213,325117,166899,95333,5455,2430,49546
992,1998,gen,Santa Barbara,274868,224325,95974,83844,4667,2512,31554
993,1998,gen,Santa Clara,1091456,726410,339795,238010,13201,4725,116149
994,1998,gen,Santa Cruz,169837,137955,73940,33559,2153,4566,19693
995,1998,gen,Shasta,119746,83499,30825,39091,2359,244,9549
996,1998,gen,Sierra,2601,2281,880,978,50,20,282
997,1998,gen,Siskiyou,32466,25114,10736,10120,752,154,2930
998,1998,gen,Solano,254483,185196,98483,54163,3752,670,25126
999,1998,gen,Sonoma,318707,234559,123335,70536,4013,3444,27378
1000,1998,gen,Stanislaus,274689,195072,94394,71986,4654,492,19416
1001,1998,gen,Sutter,49981,36940,13436,18153,891,69,2975
1002,1998,gen,Tehama,38506,26640,11185,11318,909,42,2629
1003,1998,gen,Trinity,9860,8330,3549,3211,252,92,920
1004,1998,gen,Tulare,209407,119480,49965,52606,2920,259,12104
1005,1998,gen,Tuolumne,34016,30145,12787,12880,725,187,2939
1006,1998,gen,Ventura,475380,394821,155969,165323,9030,2506,51748
1007,1998,gen,Yolo,107793,83861,44683,24163,1493,1029,10899
1008,1998,gen,Yuba,40781,25620,10465,10458,887,94,3319
1010,2008,gen,Alameda,987688,803009,462445,121853,13859,10943,181752
1011,2008,gen,Alpine,901,816,306,280,30,17,177
1012,2008,gen,Amador,25879,21462,7501,9727,673,132,3148
1013,2008,gen,Butte,159670,122841,44808,47506,3471,1657,22901
1014,2008,gen,Calaveras,35290,28388,9632,12309,965,292,4698
1015,2008,gen,Colusa,11912,7866,2825,3625,121,19,1231
1016,2008,gen,Contra Costa,699136,527145,263853,140864,10915,3619,101413
1017,2008,gen,Del Norte,17812,12681,4782,4789,415,97,2366
1018,2008,gen,El Dorado,127969,111325,34592,49997,3244,954,20714
1019,2008,gen,Fresno,535683,382827,153434,163453,7906,1583,42911
1020,2008,gen,Glenn,17568,12421,4047,5705,418,43,2103
1021,2008,gen,Humboldt,99474,79140,34098,21715,2189,3167,16816
1022,2008,gen,Imperial,89429,58150,30564,16249,1073,107,9484
1023,2008,gen,Inyo,13013,10258,3406,4581,324,85,1747
1024,2008,gen,Kern,473181,311137,112084,140043,7945,720,47873
1025,2008,gen,Kings,78291,49658,18626,22685,1114,105,6585
1026,2008,gen,Lake,46758,35154,15292,10545,1183,380,7335
1027,2008,gen,Lassen,17366,14097,4040,6714,598,55,2557
1028,2008,gen,Los Angeles,5775838,4298440,2226641,1034213,79727,22282,859076
1029,2008,gen,Madera,82749,54003,19033,25002,1119,203,8048
1030,2008,gen,Marin,181193,155640,84605,31220,2580,2398,33431
1031,2008,gen,Mariposa,14351,11693,3767,5287,392,119,1898
1032,2008,gen,Mendocino,62281,50721,24114,11677,1469,2031,10519
1033,2008,gen,Merced,140353,97179,44704,35955,2192,276,13430
1034,2008,gen,Modoc,6901,5507,1601,2745,193,22,902
1035,2008,gen,Mono,9599,6722,2197,2502,203,78,1661
1036,2008,gen,Monterey,233761,158391,79803,43265,3249,1102,29641
1037,2008,gen,Napa,91802,71517,34073,20464,1784,823,13465
1038,2008,gen,Nevada,74577,63769,21716,25992,1789,1183,12327
1039,2008,gen,Orange,1860951,1607989,511641,713986,34500,7491,319293
1040,2008,gen,Placer,239314,198963,59076,96965,3461,1285,36317
1041,2008,gen,Plumas,15909,13744,4621,5886,508,96,2493
1042,2008,gen,Riverside,1284401,837389,307593,350885,19963,2616,143589
1043,2008,gen,Sacramento,931394,684588,305682,216239,17446,4729,132299
1044,2008,gen,San Benito,34330,25355,11764,7971,566,126,4635
1045,2008,gen,San Bernardino,1229616,829756,331097,320077,22818,2792,143301
1046,2008,gen,San Diego,2052145,1488157,539560,539939,37102,7694,343928
1047,2008,gen,San Francisco,599667,477356,269664,45157,7857,9646,140102
1048,2008,gen,San Joaquin,412690,268476,115571,105544,5633,756,37579
1049,2008,gen,San Luis Obispo,193800,161256,57855,64541,3380,1633,30005
1050,2008,gen,San Mateo,479470,389718,199569,83411,7562,3173,92126
1051,2008,gen,Santa Barbara,277157,204440,88293,67106,4136,1794,39293
1052,2008,gen,Santa Clara,1117301,788821,366590,190680,14724,4688,204495
1053,2008,gen,Santa Cruz,178855,148364,81484,27348,2835,3343,25933
1054,2008,gen,Shasta,131621,96804,28894,46256,2646,494,17425
1055,2008,gen,Sierra,2515,2321,724,994,88,27,426
1056,2008,gen,Siskiyou,33953,26643,9435,10959,919,194,4782
1057,2008,gen,Solano,273794,190477,96621,49663,4159,789,37303
1058,2008,gen,Sonoma,332700,248122,129942,58570,4454,4800,47071
1059,2008,gen,Stanislaus,322828,230046,95928,88346,4810,745,36046
1060,2008,gen,Sutter,60233,41604,14086,19523,1049,118,6341
1061,2008,gen,Tehama,42952,31259,10289,13974,1331,124,5101
1062,2008,gen,Trinity,10665,8397,3065,3104,327,123,1547
1063,2008,gen,Tulare,242201,146415,51855,66785,3615,479,22527
1064,2008,gen,Tuolumne,38362,33640,11863,14457,1068,258,5554
1065,2008,gen,Ventura,523404,425968,170429,160279,8788,2471,76436
1066,2008,gen,Yolo,130638,106295,51402,26373,2345,1293,23003
1067,2008,gen,Yuba,45419,29771,10313,12072,1175,147,5764
1071,2000,prim,Alameda,964979,640975,366550,134828,10187,10748,102171
1072,2000,prim,Alpine,957,762,263,309,24,6,144
1073,2000,prim,Amador,23078,17683,7286,7832,432,92,1627
1074,2000,prim,Butte,150262,107057,40668,45755,2926,1004,14781
1075,2000,prim,Calaveras,29462,24004,9232,10655,588,179,2663
1076,2000,prim,Colusa,10377,7130,2979,3166,170,9,727
1077,2000,prim,Contra Costa,644867,457508,222931,153507,8065,3226,48192
1078,2000,prim,Del Norte,16316,12771,5194,4792,450,81,1966
1079,2000,prim,El Dorado,111520,88330,30883,41436,2134,715,11300
1080,2000,prim,Fresno,469162,311743,139604,129505,6091,967,31378
1081,2000,prim,Glenn,17221,11456,4396,5215,296,23,1393
1082,2000,prim,Humboldt,96610,72848,32072,22594,1782,3900,10865
1083,2000,prim,Imperial,64777,47639,25227,13994,1034,67,6831
1084,2000,prim,Inyo,13434,9593,3429,4638,263,55,1044
1085,2000,prim,Kern,401563,253120,97333,117321,7182,521,26707
1086,2000,prim,Kings,71735,41953,18097,17625,1063,53,4530
1087,2000,prim,Lake,42410,29099,13966,9842,831,288,3591
1088,2000,prim,Lassen,15510,12902,4885,5532,501,35,1691
1089,2000,prim,Los Angeles,5354117,3808488,2022316,1070759,66924,20767,525389
1090,2000,prim,Madera,65026,47336,18315,22121,1102,163,4894
1091,2000,prim,Marin,186238,137558,69713,38373,2144,3009,21875
1092,2000,prim,Mariposa,12366,10125,3697,4606,255,96,1251
1093,2000,prim,Mendocino,61018,47102,22613,13234,1188,1721,7008
1094,2000,prim,Merced,110707,78466,42290,25667,1697,144,7770
1095,2000,prim,Modoc,7123,5309,2023,2465,161,15,580
1096,2000,prim,Mono,7798,5999,1892,2626,189,93,1085
1097,2000,prim,Monterey,241866,145705,71486,46950,3104,1051,20170
1098,2000,prim,Napa,91008,64049,30139,22492,1344,614,8138
1099,2000,prim,Nevada,69165,55996,18504,25564,1189,1317,8055
1100,2000,prim,Orange,1757163,1228575,391454,608470,24063,4510,172041
1101,2000,prim,Placer,169140,135773,45847,65954,2773,861,18012
1102,2000,prim,Plumas,15487,12326,4843,5260,400,71,1524
1103,2000,prim,Riverside,971669,585541,216817,275115,13184,1560,63015
1104,2000,prim,Sacramento,826756,575968,271255,204434,12470,3832,72452
1105,2000,prim,San Benito,29504,24458,11341,8684,589,108,3232
1106,2000,prim,San Bernardino,1064797,636923,272342,259092,16475,1775,72312
1107,2000,prim,San Diego,1949675,1304311,468438,543860,30363,6868,208688
1108,2000,prim,San Francisco,525594,468198,267875,65224,8254,11261,105508
1109,2000,prim,San Joaquin,337381,201763,87985,90453,3320,513,13809
1110,2000,prim,San Luis Obispo,177922,130828,48456,57684,2896,1514,16396
1111,2000,prim,San Mateo,484623,315188,160802,89709,5476,2471,51487
1112,2000,prim,Santa Barbara,278856,203582,84830,76115,4149,2446,30627
1113,2000,prim,Santa Clara,1112985,717999,331810,227086,13229,4719,126150
1114,2000,prim,Santa Cruz,173377,134997,70046,32548,2268,4848,21223
1115,2000,prim,Shasta,120737,82910,29718,38619,2493,275,10263
1116,2000,prim,Sierra,2379,2166,814,905,58,18,296
1117,2000,prim,Siskiyou,32323,24006,9986,9698,680,151,2956
1118,2000,prim,Solano,262590,182110,94776,52955,3786,762,26766
1119,2000,prim,Sonoma,324516,242508,124451,71522,4588,4579,31366
1120,2000,prim,Stanislaus,277119,185556,86132,71374,4362,488,19298
1121,2000,prim,Sutter,49350,35206,12736,17248,815,75,2910
1122,2000,prim,Tehama,39590,26838,10964,11406,966,62,2863
1123,2000,prim,Trinity,9931,7500,3095,2939,228,99,860
1124,2000,prim,Tulare,210839,117924,47574,52423,2829,280,13304
1125,2000,prim,Tuolumne,34513,30436,12709,12940,772,211,3198
1126,2006,prim,San Joaquin,400395,264084,110945,111097,4703,911,32451
1127,2006,prim,San Luis Obispo,188046,152974,54008,64581,3423,2143,25542
1128,2006,prim,San Mateo,466033,350305,172617,87139,6494,3750,76602
1129,2006,prim,Santa Barbara,271026,182129,73820,65640,3659,2405,33221
1130,2006,prim,Santa Clara,1068347,747644,335656,203597,13702,6025,179762
1131,2006,prim,Santa Cruz,175009,141370,74807,29399,2525,4717,26960
1132,2006,prim,Shasta,130821,89287,27067,44091,2454,554,14097
1133,2006,prim,Sierra,2631,2255,701,963,82,24,422
1134,2006,prim,Siskiyou,33939,25160,8942,10608,770,233,4212
1135,2006,prim,Solano,269423,163925,79837,47805,3216,900,30202
1136,2006,prim,Sonoma,327747,238671,119212,61813,4844,6569,42348
1137,2006,prim,Stanislaus,314697,200399,82089,84092,4312,796,25620
1138,2006,prim,Sutter,57038,38786,12489,19306,898,124,4672
1139,2006,prim,Tehama,42159,29050,9762,13164,1126,126,4420
1140,2006,prim,Trinity,10727,7777,2816,3085,263,139,1253
1141,2006,prim,Tulare,232412,133147,45658,64412,2990,557,18352
1142,2006,prim,Tuolumne,39501,32312,11770,14113,945,305,4759
1143,2006,prim,Ventura,512141,382911,145352,154856,7681,3065,65192
1144,2006,prim,Yolo,123677,87568,40596,24585,1774,1580,17363
1145,2006,prim,Yuba,44108,25982,8857,11129,961,165,4578
1148,2010,prim,Alameda,1002588,753721,433619,113679,13983,9731,170030
1149,2010,prim,Alpine,896,797,312,256,31,12,180
1150,2010,prim,Amador,26062,20935,7156,9404,706,124,3330
1151,2010,prim,Butte,159966,116503,41166,44717,3555,1506,23129
1152,2010,prim,Calaveras,34914,28060,9282,11997,1069,284,4886
1153,2010,prim,Colusa,12008,7837,2776,3599,145,15,1254
1154,2010,prim,Contra Costa,709049,525992,264097,135857,12141,3445,103962
1155,2010,prim,Del Norte,17979,12178,4551,4567,452,103,2254
1156,2010,prim,El Dorado,128827,105163,32173,47249,3373,895,19671
1157,2010,prim,Fresno,545523,390639,161447,159597,8739,1583,44308
1158,2010,prim,Glenn,17602,12116,3840,5524,423,45,2165
1159,2010,prim,Humboldt,99721,76616,32848,20751,2289,2941,16680
1160,2010,prim,Imperial,92742,54921,28660,14693,1150,117,9668
1161,2010,prim,Inyo,13016,9394,3065,4175,321,86,1638
1162,2010,prim,Kern,481041,307647,110288,135620,9064,763,49234
1163,2010,prim,Kings,80142,50732,18436,22955,1267,119,7375
1164,2010,prim,Lake,46616,32768,14168,9576,1236,385,7015
1165,2010,prim,Lassen,17783,13978,3833,6693,673,57,2582
1166,2010,prim,Los Angeles,5804922,4352711,2254206,1022849,87154,22409,886443
1167,2010,prim,Madera,84334,54357,18876,24848,1335,222,8470
1168,2010,prim,Marin,183110,149887,82057,29212,2735,2200,32319
1169,2010,prim,Mariposa,14093,11422,3600,5122,459,121,1893
1170,2010,prim,Mendocino,62115,48695,23028,10978,1551,1955,10330
1171,2010,prim,Merced,140657,92931,42266,33177,2339,724,13765
1172,2010,prim,Modoc,6971,5423,1501,2723,233,21,894
1173,2010,prim,Mono,9500,6068,2006,2245,214,62,1478
1174,2010,prim,Monterey,237291,159238,84571,40897,3311,1069,28104
1175,2010,prim,Napa,92590,69855,33145,19678,1885,760,13497
1176,2010,prim,Nevada,74130,61201,20779,24701,1865,1136,11967
1177,2010,prim,Orange,1882878,1603312,515790,693924,37544,7392,326954
1178,2010,prim,Placer,246735,197655,57994,95437,3762,1280,37024
1179,2010,prim,Plumas,15502,13272,4376,5673,579,94,2430
1180,2010,prim,Riverside,1297091,817286,298351,339570,21845,2489,142048
1181,2010,prim,Sacramento,938115,666743,300297,211569,18064,4295,124935
1182,2010,prim,San Benito,34562,24736,11959,7477,565,116,4287
1183,2010,prim,San Bernardino,1231221,801272,319863,300971,25310,2833,143788
1184,2010,prim,San Diego,2089215,1416273,514536,509023,39271,7171,327906
1185,2010,prim,San Francisco,617885,447985,253587,41617,7589,8547,131975
1186,2010,prim,San Joaquin,414124,265013,113900,102067,6209,773,38702
1187,2010,prim,San Luis Obispo,195567,154290,54634,61977,3415,1516,28712
1188,2010,prim,San Mateo,486570,339758,177289,70608,6722,2542,79513
1189,2010,prim,Santa Barbara,279462,192127,82327,62748,4324,1599,37501
1190,2010,prim,Santa Clara,1134339,765680,355126,180674,15008,4351,203048
1191,2010,prim,Santa Cruz,181969,146974,80918,26428,3032,3225,24542
1192,2010,prim,Shasta,132737,95276,27648,45013,3029,482,17964
1193,2010,prim,Sierra,2483,2255,668,966,106,28,424
1194,2010,prim,Siskiyou,33839,25444,8774,10474,987,174,4689
1195,2010,prim,Solano,273891,190803,95844,49065,4718,772,38403
1196,2010,prim,Sonoma,337812,245136,128306,56085,5146,4583,48060
1197,2010,prim,Stanislaus,323363,224531,97691,82741,5199,721,34251
1198,2010,prim,Sutter,61886,39334,13260,18264,1119,115,6131
1199,2010,prim,Tehama,43184,30545,9802,13508,1461,128,5221
1200,2010,prim,Trinity,10632,7398,2665,2680,301,110,1443
1201,2010,prim,Tulare,246959,148144,51629,67500,4005,473,23252
1202,2010,prim,Tuolumne,38334,31797,10797,13548,1141,246,5705
1203,2010,prim,Ventura,529614,422143,168559,155155,9339,2428,78302
1204,2010,prim,Yolo,131689,102037,49238,25001,2418,1141,22412
1205,2010,prim,Yuba,45844,28027,9529,11218,1230,141,5607
1208,2006,gen,Alameda,962114,678765,374816,118924,10872,12773,147957
1209,2006,gen,Alpine,930,775,277,271,27,14,178
1210,2006,gen,Amador,26061,20119,7024,9348,596,155,2660
1211,2006,gen,Butte,157429,115659,39984,47570,3120,2188,20563
1212,2006,gen,Calaveras,35186,27048,9180,12114,771,317,4158
1213,2006,gen,Colusa,11821,8178,2910,3803,189,26,1170
1214,2006,gen,Contra Costa,682478,486441,234084,144015,9158,4207,87914
1215,2006,gen,Del Norte,17459,12040,4397,4717,382,115,2187
1216,2006,gen,El Dorado,126002,101036,31027,46995,2626,1071,17629
1217,2006,gen,Fresno,517814,331968,131003,150340,5621,1640,38430
1218,2006,gen,Glenn,17248,11861,3859,5614,331,46,1902
1219,2006,gen,Humboldt,99091,77903,32210,22521,1834,4140,15916
1220,2006,gen,Imperial,84574,52930,29247,13942,971,118,7957
1221,2006,gen,Inyo,13277,10769,3461,4861,294,117,1852
1222,2006,gen,Kern,453404,289233,103252,137105,7283,771,38285
1223,2006,gen,Kings,73394,45539,17254,21324,920,109,5355
1224,2006,gen,Lake,46859,31564,13665,10109,941,420,6025
1225,2006,gen,Lassen,16475,14314,4141,6673,619,69,2618
1226,2006,gen,Los Angeles,5708463,3914138,1946939,1057648,65000,25395,745263
1227,2006,gen,Madera,79655,50066,16872,24637,1017,233,6785
1228,2006,gen,Marin,177975,147311,76210,33062,2666,3419,30311
1229,2006,gen,Mariposa,14184,11251,3623,5267,323,147,1637
1230,2006,gen,Mendocino,62209,47825,22130,11891,1229,2304,9317
1231,2006,gen,Merced,136091,93728,42185,38455,1699,311,10494
1232,2006,gen,Modoc,6999,5559,1680,2743,167,27,885
1233,2006,gen,Mono,9494,6418,1996,2480,184,115,1562
1234,2006,gen,Monterey,228889,145540,70189,44828,2810,1319,24999
1235,2006,gen,Napa,90123,66148,30480,20742,1570,918,11402
1236,2006,gen,Nevada,75467,63174,20342,27138,1607,1585,11599
1237,2006,gen,Orange,1830965,1497365,450207,717166,29510,8044,271039
1238,2006,gen,Placer,228064,177539,50897,91305,3497,1271,28716
1239,2006,gen,Plumas,16336,12789,4266,5601,431,111,2226
1240,2006,gen,Riverside,1207035,754986,259845,344993,17081,2750,119148
1241,2006,gen,Sacramento,906602,624444,266071,215675,14280,5677,113364
1242,2006,gen,San Benito,34171,24585,11076,8324,557,153,4188
1243,2006,gen,San Bernardino,1196914,751652,282514,318743,18965,2991,119445
1244,2006,gen,San Diego,1991588,1381835,472053,546102,31739,9495,300118
1245,2016,gen,Alameda,1069959,888664,510429,107482,16864,7259,232910
1246,2016,gen,Alpine,951,722,276,223,25,8,180
1247,2016,gen,Amador,27553,22417,6740,10248,927,122,4008
1248,2016,gen,Butte,169048,129275,45214,45909,4579,1159,29140
1249,2016,gen,Calaveras,36098,29555,8682,12687,1343,194,5913
1250,2016,gen,Colusa,12496,8638,2867,3566,239,21,1859
1251,2016,gen,Contra Costa,743816,607515,306029,132405,15795,3037,143876
1252,2016,gen,Del Norte,17996,14318,4577,5188,670,107,3394
1253,2016,gen,El Dorado,137103,116459,34290,49435,4556,694,24679
1254,2016,gen,Fresno,583238,437423,172805,156520,11964,1452,86147
1255,2016,gen,Glenn,18459,12835,3741,5578,513,41,2781
1256,2016,gen,Humboldt,105164,82917,37751,19615,2634,2052,19511
1257,2016,gen,Imperial,97282,70189,34987,13691,1595,172,18687
1258,2016,gen,Inyo,13771,10167,3182,4214,421,55,2124
1259,2016,gen,Kern,505303,370804,132014,137865,12340,975,83038
1260,2016,gen,Kings,80492,52124,17767,22948,1342,99,9301
1261,2016,gen,Lake,48487,34706,13539,9491,1392,403,9268
1262,2016,gen,Lassen,16295,14280,3090,7101,775,56,2991
1263,2016,gen,Los Angeles,6222266,5253427,2722087,975015,113699,23048,1315575
1264,2016,gen,Madera,87254,58086,19133,23852,1834,186,12226
1265,2016,gen,Marin,181279,160795,90320,26599,3419,1466,37325
1266,2016,gen,Mariposa,14954,10975,3179,4913,457,95,2034
1267,2016,gen,Mendocino,63741,51061,24551,10527,1726,1253,12080
1268,2016,gen,Merced,154971,99145,44629,29366,3011,396,20758
1269,2016,gen,Modoc,7385,5166,1188,2648,247,23,997
1270,2016,gen,Mono,9414,6471,2284,2095,257,47,1706
1271,2016,gen,Monterey,242584,185786,93697,42098,4461,1017,42519
1272,2016,gen,Napa,93686,76833,36115,18712,2331,644,17815
1273,2016,gen,Nevada,77443,68829,25138,24072,2412,803,2067
1274,2016,gen,Orange,2009188,1535691,522325,580398,39506,5125,367544
1275,2016,gen,Placer,264101,226249,64795,100880,6120,910,48919
1276,2016,gen,Plumas,16052,11985,3646,5258,580,64,2272
1277,2016,gen,Riverside,1438117,1019130,387704,366210,31852,2861,214207
1278,2016,gen,Sacramento,989090,772865,339658,215591,23529,3884,176755
1279,2016,gen,San Benito,33990,28224,13335,8039,806,121,5627
1280,2016,gen,San Bernardino,1308522,888019,357645,284010,30227,2831,199182
1281,2016,gen,San Diego,2191191,1652570,609315,501465,54034,6866,457522
1282,2016,gen,San Francisco,646945,512723,296772,38279,8926,4797,158380
1283,2016,gen,San Joaquin,442435,334253,146465,105634,8465,990,68370
1284,2016,gen,San Luis Obispo,207947,168257,59178,63506,5079,1075,35662
1285,2016,gen,San Mateo,503843,395928,205280,67049,8303,2091,109159
1286,2016,gen,Santa Barbara,290071,222983,96618,61721,5727,1280,54039
1287,2016,gen,Santa Clara,1193225,875176,411479,171281,18149,3714,261202
1288,2016,gen,Santa Cruz,190283,157186,89490,24044,3390,1837,35788
1289,2016,gen,Shasta,134078,102000,25268,48397,4036,417,22201
1290,2016,gen,Sierra,2614,2257,653,944,125,19,443
1291,2016,gen,Siskiyou,34631,27619,8655,10743,1266,211,6269
1292,2016,gen,Solano,289271,224930,107996,52536,6589,900,53557
1293,2016,gen,Sonoma,350393,273432,145815,54171,6600,3222,59826
1294,2016,gen,Stanislaus,336794,241144,94868,90116,7070,679,43563
1295,2016,gen,Sutter,60761,45665,14401,18955,1485,120,9454
1296,2016,gen,Tehama,43753,32555,8903,14541,1585,99,6917
1297,2016,gen,Trinity,11312,8079,2708,2636,406,111,948
1298,2016,gen,Tulare,260926,154000,50542,65260,4919,464,31131
1299,2016,gen,Tuolumne,41222,31402,9765,13593,1273,194,6127
1300,2016,gen,Ventura,550625,442951,182805,143105,10778,1873,94772
1301,2016,gen,Yolo,147156,111222,54441,23496,3047,862,27416
1302,2016,gen,Yuba,48269,33694,9591,12477,1677,146,9186
1305,2000,gen,San Mateo,488372,338608,171740,93201,6077,3409,58980
1306,2000,gen,Santa Barbara,280393,220274,91035,80716,4536,3765,34325
1307,2000,gen,Santa Clara,1115840,789332,365094,240813,14982,6039,146939
1308,2000,gen,Santa Cruz,173033,145214,74422,33781,2586,6780,23584
1309,2000,gen,Shasta,121712,86924,30331,41116,2640,373,10938
1310,2000,gen,Sierra,2374,2261,831,957,65,25,306
1311,2000,gen,Siskiyou,31996,25297,10124,10409,739,211,3257
1312,2000,gen,Solano,267143,194415,99828,56206,4210,966,30001
1313,2000,gen,Sonoma,327034,248181,125438,72212,4792,6412,33817
1314,2000,gen,Stanislaus,282783,201210,89220,81584,4676,565,21138
1315,2000,gen,Sutter,50489,37570,13337,18536,874,94,3126
1316,2000,gen,Tehama,39568,27288,10837,11773,985,95,3029
1317,2000,gen,Trinity,9733,7858,3145,3082,258,131,954
1318,2000,gen,Tulare,213314,129816,50362,60112,3097,381,14332
1319,2000,gen,Tuolumne,33695,31240,12757,13360,811,260,3464
1320,2000,gen,Ventura,491135,387075,150396,161606,8869,2951,53722
1321,2000,gen,Yolo,113159,83385,41585,24027,1643,1736,12656
1322,2000,gen,Yuba,39947,25213,10084,10321,899,125,3407
